name,CMC,Type,Color,Set,Collector Number,Rarity,Color Category,status,Finish,board,maybeboard,image URL,image Back URL,tags,Notes,MTGO ID,Custom,Voucher,Artist
"Swan Song",1,"Instant",U,"ths","65",rare,null,Owned,Non-foil,mainboard,false,,,"mono","",50440,false,false,"Peter Mohrbacher"
"Saheeli, Sublime Artificer",3,"Legendary Planeswalker - Saheeli",RU,"war","234",uncommon,null,Owned,Non-foil,mainboard,false,,,"mono","",72074,false,false,"Wesley Burt"
"Synthetic Destiny",6,"Instant",U,"c15","15",rare,null,Owned,Non-foil,mainboard,false,,,"mono","",-1,false,false,"Dave Kendall"
"Memory Deluge",4,"Instant",U,"mid","62",rare,null,Owned,Foil,mainboard,false,,,"mono","",93064,false,false,"Lake Hurwitz"
"Sphinx of Uthuun",7,"Creature - Sphinx",U,"m12","76",rare,null,Owned,Foil,mainboard,false,,,"mono","",41365,false,false,"Kekai Kotaki"
"Diluvian Primordial",7,"Creature - Avatar",U,"gtc","33",rare,null,Owned,Non-foil,mainboard,false,,,"mono","",47911,false,false,"Stephan Martiniere"
"Call to the Netherworld",1,"Sorcery",B,"tsp","97",common,null,Owned,Non-foil,mainboard,false,,,"mono","",25423,false,false,"Vance Kovacs"
"Grave Titan",6,"Creature - Giant",B,"m11","97",mythic,null,Owned,Non-foil,mainboard,false,,,"mono","",37374,false,false,"Nils Hamm"
"Living Death",5,"Sorcery",B,"v14","8",mythic,null,Owned,Foil,mainboard,false,,,"mono","",53933,false,false,"Mark Winters"
"Altar of Dementia",2,"Artifact",,"cns","196",rare,null,Owned,Non-foil,mainboard,false,,,"mono","",-1,false,false,"Brom"
"Gravecrawler",1,"Creature - Zombie",B,"dka","64",rare,null,Owned,Non-foil,mainboard,false,,,"zombie","",43175,false,false,"Steven Belledin"
"Stitch Together",2,"Sorcery",B,"c18","119",uncommon,null,Owned,Non-foil,mainboard,false,,,"mono","",-1,false,false,"Arnie Swekel"
"Shepherd of Rot",2,"Creature - Zombie Cleric",B,"ons","168",common,null,Owned,Non-foil,mainboard,false,,,"zombie","",17895,false,false,"Greg Staples"
"The Scarab God",5,"Legendary Creature - God",BU,"hou","145",mythic,null,Owned,Non-foil,mainboard,false,,"https://cards.scryfall.io/large/front/d/b/dba3824a-bfeb-4c16-8148-2342101bd44b.jpg?1706130193","commander;draftEffect","Zombie Booster Pack, 6",64774,false,false,"Lius Lasahido"
"Dolmen Gate",2,"Artifact",,"lrw","256",rare,null,Owned,Non-foil,mainboard,false,,,"mono","",28455,false,false,"Richard Sardinha"
"Murderous Rider",3,"Creature - Zombie Knight",B,"eld","97",rare,null,Owned,Non-foil,mainboard,false,,,"mono","",78308,false,false,"Josh Hass"
"Entomb",1,"Instant",B,"pd3","14",rare,null,Owned,Non-foil,mainboard,false,,,"mono","",43127,false,false,"Ron Spears"
"Exhume",2,"Sorcery",B,"usg","134",common,null,Owned,Non-foil,mainboard,false,,,"mono","",11897,false,false,"Carl Critchlow"
"Reanimate",1,"Sorcery",B,"pd3","15",uncommon,null,Owned,Non-foil,mainboard,false,,,"mono","",43097,false,false,"Robert Bliss"
"Dread Return",4,"Sorcery",B,"pd3","23",uncommon,null,Owned,Foil,mainboard,false,,,"mono","",43149,false,false,"Kev Walker"
"Undead Warchief",4,"Creature - Zombie",B,"plst","TSB-52",rare,null,Owned,Foil,mainboard,false,,,"zombie","",-1,false,false,"Greg Hildebrandt"
"Accursed Marauder",2,"Creature - Zombie Warrior",B,"mh3","80",common,null,Owned,Non-foil,mainboard,false,,,"mono","",126177,false,false,"Paolo Parente"
"Stitcher's Supplier",1,"Creature - Zombie",B,"m19","121",uncommon,null,Owned,Non-foil,mainboard,false,,,"mono","",68403,false,false,"Chris Seaman"
"Animate Dead",2,"Enchantment - Aura",B,"pd3","16",uncommon,null,Owned,Foil,mainboard,false,,,"mono","",43141,false,false,"Anthony Jones"
"Bone Miser",5,"Creature - Zombie Wizard",B,"c19","15",rare,null,Owned,Non-foil,mainboard,false,,,"mono","",77084,false,false,"Antonio José Manzanedo"
"From Under the Floorboards",5,"Sorcery",B,"soi","111",rare,null,Owned,Non-foil,mainboard,false,,,"mono","",60092,false,false,"Steven Belledin"
"Death Baron",3,"Creature - Zombie Wizard",B,"ala","70",rare,null,Owned,Non-foil,mainboard,false,,,"zombie","",31345,false,false,"Nils Hamm"
"Noosegraf Mob",6,"Creature - Zombie",B,"emn","98",rare,null,Owned,Non-foil,mainboard,false,,,"mono","",61374,false,false,"Seb McKinnon"
"Lich Lord of Unx",3,"Creature - Zombie Wizard",BU,"arb","24",rare,null,Owned,Non-foil,mainboard,false,,,"zombie","",32502,false,false,"Dave Allsop"
"Cemetery Reaper",3,"Creature - Zombie",B,"m10","87",rare,null,Owned,Non-foil,mainboard,false,,,"zombie","",32721,false,false,"Dave Allsop"
"Graveborn Muse",4,"Creature - Zombie Spirit",B,"lgn","73",rare,null,Owned,Non-foil,mainboard,false,,,"zombie","",18603,false,false,"Kev Walker"
"Field of the Dead",0,"Land",,"m20","247",rare,null,Owned,Non-foil,mainboard,false,,,"land","",73393,false,false,"Kev Walker"
"Wilhelt, the Rotcleaver",4,"Legendary Creature - Zombie Warrior",BU,"mic","2",mythic,null,Owned,Foil,mainboard,false,,"https://cards.scryfall.io/large/front/d/b/dba3824a-bfeb-4c16-8148-2342101bd44b.jpg?1706130193","commander;draftEffect","Zombie Booster Pack, 6",-1,false,false,"Chris Rallis"
"Endless Ranks of the Dead",4,"Enchantment",B,"isd","99",rare,null,Owned,Non-foil,mainboard,false,,,"zombie","",42590,false,false,"Ryan Yee"
"Diregraf Colossus",3,"Creature - Zombie Giant",B,"soi","107",rare,null,Owned,Non-foil,mainboard,false,,,"zombie","",60034,false,false,"Vincent Proce"
"Dread Summons",2,"Sorcery",B,"c15","20",rare,null,Owned,Non-foil,mainboard,false,,,"mono","",-1,false,false,"Izzy"
"Overseer of the Damned",7,"Creature - Demon",B,"c14","28",rare,null,Owned,Non-foil,mainboard,false,,,"mono","",55135,false,false,"rk post"
"Rooftop Storm",6,"Enchantment",U,"isd","71",rare,null,Owned,Foil,mainboard,false,,,"zombie","",42492,false,false,"John Stanko"
"Liliana's Devotee",3,"Creature - Human Warlock",B,"m21","109",uncommon,null,Owned,Non-foil,mainboard,false,,,"zombie","",81445,false,false,"Colin Boyer"
"Liliana, Death's Majesty",5,"Legendary Planeswalker - Liliana",B,"akh","97",mythic,null,Owned,Non-foil,mainboard,false,,,"mono","",63796,false,false,"Chris Rallis"
"Cleaver Skaab",4,"Creature - Zombie Horror",U,"mic","11",rare,null,Owned,Non-foil,mainboard,false,,,"zombie","",93804,false,false,"Johann Bodin"
"Saw in Half",3,"Instant",B,"unf","88",rare,null,Owned,Non-foil,mainboard,false,,,"mono","",115698,false,false,"Sebastian Giacobino"
"Hordewing Skaab",5,"Creature - Zombie Horror",U,"mic","15",rare,null,Owned,Non-foil,mainboard,false,,,"zombie","",-1,false,false,"Sidharth Chaturvedi"
"Open the Graves",5,"Enchantment",B,"m19","112",rare,null,Owned,Non-foil,mainboard,false,,,"mono","",68385,false,false,"Vincent Proce"
"Midnight Reaper",3,"Creature - Zombie Knight",B,"grn","77",rare,null,Owned,Non-foil,mainboard,false,,,"mono","",69527,false,false,"Sidharth Chaturvedi"
"Distant Melody",4,"Sorcery",U,"mor","32",common,null,Owned,Non-foil,mainboard,false,,,"mono","",29172,false,false,"Omar Rayyan"
"Molten Echoes",4,"Enchantment",R,"c20","54",rare,null,Owned,Non-foil,mainboard,false,,,"mono","",80689,false,false,"Zoltan Boros"
"Flameshadow Conjuring",4,"Enchantment",R,"ori","147",rare,null,Owned,Non-foil,mainboard,false,,,"mono","",58014,false,false,"Seb McKinnon"
"Mana Echoes",4,"Enchantment",R,"2xm","136",mythic,null,Owned,Foil,mainboard,false,,,"mono","",82306,false,false,"Christopher Moeller"
"Drown in Dreams",3,"Instant",U,"mic","13",rare,null,Owned,Non-foil,mainboard,false,,,"mono","",93808,false,false,"Olena Richards"
"Feed the Swarm",2,"Sorcery",B,"znr","102",common,null,Owned,Non-foil,mainboard,false,,,"mono","",83167,false,false,"Andrey Kuzinskiy"
"Aetherspouts",5,"Instant",U,"m15","44",rare,null,Owned,Non-foil,mainboard,false,,,"mono","",53542,false,false,"Dan Murayama Scott"
"Lord of the Accursed",3,"Creature - Zombie",B,"akh","99",uncommon,null,Owned,Non-foil,mainboard,false,,,"zombie","",63800,false,false,"Grzegorz Rutkowski"
"Volrath's Stronghold",0,"Legendary Land",,"sth","143",rare,null,Owned,Foil,mainboard,false,,,"land","",10429,false,false,"Kev Walker"
"Unholy Grotto",0,"Land",,"ons","327",rare,null,Owned,Foil,mainboard,false,,,"zombie","",18259,false,false,"John Avon"
"Ghouls' Night Out",5,"Sorcery",B,"mic","19",rare,null,Owned,Non-foil,mainboard,false,,,"mono","",93820,false,false,"Fajareka Setiawan"
"Undead Augur",2,"Creature - Zombie Wizard",B,"mh1","112",uncommon,null,Owned,Non-foil,mainboard,false,,,"zombie","",72596,false,false,"Sara Winters"
"Curse of the Restless Dead",3,"Enchantment - Aura Curse",B,"mic","18",rare,null,Owned,Non-foil,mainboard,false,,,"mono","",93818,false,false,"Brian Valeza"
"Echoing Truth",2,"Instant",U,"dst","21",common,null,Owned,Non-foil,mainboard,false,,,"mono","",20363,false,false,"Greg Staples"
"Sakura-Tribe Elder",2,"Creature - Snake Shaman",G,"chk","239",common,null,Owned,Non-foil,mainboard,false,,,"mono","",21097,false,false,"Carl Critchlow"
"Thieving Amalgam",7,"Creature - Ape Snake",B,"c19","21",rare,null,Owned,Non-foil,mainboard,false,,,"mono","",77096,false,false,"Johan Grenier"
"Kelsien, the Plague",3,"Legendary Creature - Human Assassin",BRW,"c20","11",mythic,null,Owned,Foil,mainboard,false,,"https://cards.scryfall.io/large/front/c/e/ce26ccff-91dc-4564-8b5d-d9adf1c55821.jpg?1673482558","commander;draftEffect","Mari, the Killing Quill
Looking for Group!",80745,false,false,"Chris Rallis"
"Pako, Arcane Retriever",5,"Legendary Creature - Elemental Dog",GRU,"c20","13",mythic,null,Owned,Foil,mainboard,false,,"https://cards.scryfall.io/large/front/1/6/16a86a35-f7e5-434d-bf44-61ae7cb0f98b.jpg?1618057606","draftEffect;commander","Haldan, Avid Arcanist",80749,false,false,"Manuel Castañón"
"Shabraz, the Skyshark",5,"Legendary Creature - Shark Bird",UWR,"c20","14",mythic,null,Owned,Non-foil,mainboard,false,,"https://cards.scryfall.io/large/front/9/b/9b4fdcd5-5346-46a8-b1a4-84ddb74089e0.jpg?1591234217","draftEffect;commander","Brallin, Skyshark Rider",80751,false,false,"Paul Scott Canavan"
"Karador, Ghost Chieftain",8,"Legendary Creature - Centaur Spirit",BGW,"cmd","207",mythic,null,Owned,Non-foil,mainboard,false,,,"commander","",40637,false,false,"Todd Lockwood"
"Sidisi, Brood Tyrant",4,"Legendary Creature - Snake Shaman",BGU,"ktk","199",mythic,null,Owned,Non-foil,mainboard,false,,"https://cards.scryfall.io/large/front/d/b/dba3824a-bfeb-4c16-8148-2342101bd44b.jpg?1706130193","commander;draftEffect","Zombie Booster Pack, 6",54256,false,false,"Karl Kopinski"
"Isshin, Two Heavens as One",3,"Legendary Creature - Human Samurai",BRW,"neo","224",rare,null,Owned,Non-foil,mainboard,false,,,"commander","",97396,false,false,"Ryan Pancoast"
"Kresh the Bloodbraided",5,"Legendary Creature - Human Warrior",BGR,"ala","178",mythic,null,Owned,Non-foil,mainboard,false,,,"commander","",30943,false,false,"Raymond Swanland"
"Korvold, Fae-Cursed King",5,"Legendary Creature - Dragon Noble",BGR,"eld","329",mythic,null,Owned,Non-foil,mainboard,false,,,"commander","",78718,false,false,"Wisnu Tan"
"Marchesa, the Black Rose",4,"Legendary Creature - Human Wizard",BRU,"cns","49",mythic,null,Owned,Non-foil,mainboard,false,,,"commander","",-1,false,false,"Matt Stewart"
"Alela, Artful Provocateur",4,"Legendary Creature - Faerie Warlock",BUW,"ncc","325",mythic,null,Owned,Non-foil,mainboard,false,,"https://cards.scryfall.io/large/front/1/6/1666cae8-8750-4091-8e45-259e76268db9.jpg?1561756717","commander;draftEffect","Faerie Booster Pack, 6",-1,false,false,"Grzegorz Rutkowski"
"Hashaton, Scarab's Fist",2,"Legendary Creature - Zombie Wizard",BW,"drc","1",mythic,null,Owned,Non-foil,mainboard,false,,"https://cards.scryfall.io/large/front/1/7/1754b92b-d6f9-4503-af01-dee03f72a048.jpg?1562595922","commander;draftEffect","Tortured Existence
Signature Spell",137199,false,false,"Wisnu Tan"
"Galadriel, Light of Valinor",5,"Legendary Creature - Elf Noble",GUW,"ltc","498",mythic,null,Owned,Non-foil,mainboard,false,,"https://cards.scryfall.io/large/front/b/7/b7663358-c85c-4ba4-ac9b-6be6105363a9.jpg?1562279140","commander;draftEffect","Elf Booster Pack, 6",120086,false,false,"Alexander Mokhov"
"Varina, Lich Queen",4,"Legendary Creature - Zombie Wizard",BUW,"c18","48",mythic,null,Owned,Non-foil,mainboard,false,,"https://cards.scryfall.io/large/front/d/b/dba3824a-bfeb-4c16-8148-2342101bd44b.jpg?1706130193","commander;draftEffect","Zombie Booster Pack, 6",-1,false,false,"Igor Kieryluk"
"Rogue's Passage",0,"Land",,"rtr","245",uncommon,null,Owned,Non-foil,mainboard,false,,,"land","",46723,false,false,"Christine Choi"
"Swiftfoot Boots",2,"Artifact - Equipment",,"m12","219",uncommon,null,Owned,Non-foil,mainboard,false,,,"mono","",41445,false,false,"Svetlin Velinov"
"Thopter Assembly",6,"Artifact Creature - Thopter",,"mbs","140",rare,null,Owned,Non-foil,mainboard,false,,,"mono","",39501,false,false,"Volkan Baǵa"
"Tormod's Crypt",0,"Artifact",,"c14","278",uncommon,null,Owned,Non-foil,mainboard,false,,,"mono","",54725,false,false,"Lars Grant-West"
"Loxodon Warhammer",3,"Artifact - Equipment",,"mrd","201",uncommon,null,Owned,Non-foil,mainboard,false,,,"mono","",20227,false,false,"Jeremy Jarvis"
"Mishra's Bauble",0,"Artifact",,"csp","138",uncommon,null,Owned,Non-foil,mainboard,false,,,"mono","",24821,false,false,"Chippy"
"Ghoulcaller's Bell",1,"Artifact",,"isd","224",common,null,Owned,Foil,mainboard,false,,,"mono","",42648,false,false,"Lars Grant-West"
"Culling Dais",2,"Artifact",,"som","148",uncommon,null,Owned,Foil,mainboard,false,,,"mono","",38003,false,false,"Anthony Palumbo"
"Steel Overseer",2,"Artifact Creature - Construct",,"m11","214",rare,null,Owned,Non-foil,mainboard,false,,,"mono","",37418,false,false,"Chris Rahn"
"Solemn Simulacrum",4,"Artifact Creature - Golem",,"fdn","257",rare,null,Owned,Non-foil,mainboard,false,,,"mono","",133540,false,false,"Dan Murayama Scott"
"Worn Powerstone",3,"Artifact",,"c14","282",uncommon,null,Owned,Non-foil,mainboard,false,,,"mono","",54711,false,false,"Henry G. Higginbotham"
"Precursor Golem",5,"Artifact Creature - Golem",,"som","194",rare,null,Owned,Non-foil,mainboard,false,,,"mono","",38157,false,false,"Chippy"
"Pilgrim's Eye",3,"Artifact Creature - Thopter",,"wwk","128",common,null,Owned,Non-foil,mainboard,false,,,"mono","",35787,false,false,"Dan Murayama Scott"
"Deathrender",4,"Artifact - Equipment",,"lrw","255",rare,null,Owned,Non-foil,mainboard,false,,,"mono","",28415,false,false,"Martina Pilcerova"
"Ichor Wellspring",2,"Artifact",,"mbs","110",common,null,Owned,Foil,mainboard,false,,,"mono","",39339,false,false,"Steven Belledin"
"Surveyor's Scope",2,"Artifact",,"c13","262",rare,null,Owned,Non-foil,mainboard,false,,,"mono","",51338,false,false,"Daniel Ljunggren"
"The Ozolith",1,"Legendary Artifact",,"iko","362",rare,null,Owned,Non-foil,mainboard,false,,,"mono","",-1,false,false,"Sam Burley"
"Adaptive Automaton",3,"Artifact Creature - Construct",,"m12","201",rare,null,Owned,Non-foil,mainboard,false,,,"mono","",41577,false,false,"Igor Kieryluk"
"Palladium Myr",3,"Artifact Creature - Myr",,"som","190",uncommon,null,Owned,Non-foil,mainboard,false,,,"mono","",38349,false,false,"Alan Pollack"
"Voltaic Key",1,"Artifact",,"m11","219",uncommon,null,Owned,Non-foil,mainboard,false,,,"mono","",37308,false,false,"Franz Vohwinkel"
"Triskelavus",7,"Artifact Creature - Construct",,"tsp","266",rare,null,Owned,Non-foil,mainboard,false,,,"mono","",25713,false,false,"Mark Zug"
"Gilded Lotus",5,"Artifact",,"mrd","175",rare,null,Owned,Non-foil,mainboard,false,,,"mono","",20113,false,false,"Martina Pilcerova"
"Ornithopter of Paradise",2,"Artifact Creature - Thopter",,"mh2","232",common,null,Owned,Non-foil,mainboard,false,,,"mono","",90845,false,false,"Raoul Vitale"
"Skullclamp",1,"Artifact - Equipment",,"dst","140",uncommon,null,Owned,Foil,mainboard,false,,,"mono","",20551,false,false,"Luca Zontini"
"Metalworker",3,"Artifact Creature - Construct",,"uds","135",rare,null,Owned,Non-foil,mainboard,false,,,"mono","",12921,false,false,"Don Hazeltine"
"Go for the Throat",2,"Instant",B,"f11","11",rare,null,Owned,Foil,mainboard,false,,,"mono","",-1,false,false,"David Rapoza"
"Infest",3,"Sorcery",B,"ala","80",uncommon,null,Owned,Foil,mainboard,false,,,"mono","",30965,false,false,"Karl Kopinski"
"Makeshift Mannequin",4,"Instant",B,"lrw","124",uncommon,null,Owned,Non-foil,mainboard,false,,,"mono","",28361,false,false,"Darrell Riche"
"Lord of the Undead",3,"Creature - Zombie",B,"10e","155",rare,null,Owned,Foil,mainboard,false,,,"zombie","",27450,false,false,"Brom"
"Goblin Sharpshooter",3,"Creature - Goblin",R,"c13","111",rare,null,Owned,Non-foil,mainboard,false,,,"mono","",51318,false,false,"Wayne Reynolds"
"Guttersnipe",3,"Creature - Goblin Shaman",R,"rtr","98",uncommon,null,Owned,Non-foil,mainboard,false,,,"mono","",46401,false,false,"Steve Prescott"
"Mizzix of the Izmagnus",4,"Legendary Creature - Goblin Wizard",RU,"c15","50",mythic,null,Owned,Non-foil,mainboard,false,,"https://cards.scryfall.io/large/front/9/3/939d765a-aefb-4393-8808-98b1bbd7e803.jpg?1675199954","commander;draftEffect","Goblin Booster Pack, 6
Signature Spell
Empty the Warrens
Brightstone Ritual
Goblin War Strike",-1,false,false,"Cliff Childs"
"Archmage Emeritus",4,"Creature - Human Wizard",U,"stx","37",rare,null,Owned,Non-foil,mainboard,false,,,"mono","",88551,false,false,"Caio Monteiro"
"Rielle, the Everwise",3,"Legendary Creature - Human Wizard",RU,"iko","203",mythic,null,Owned,Non-foil,mainboard,false,,,"commander","",80415,false,false,"Yongjae Choi"
"Storm-Kiln Artist",4,"Creature - Dwarf Shaman",R,"stx","115",uncommon,null,Owned,Non-foil,mainboard,false,,,"mono","",88707,false,false,"Manuel Castañón"
"Young Pyromancer",2,"Creature - Human Shaman",R,"m14","163",uncommon,null,Owned,Non-foil,mainboard,false,,,"mono","",49413,false,false,"Cynthia Sheppard"
"Mizzix's Mastery",4,"Sorcery",R,"c15","29",rare,null,Owned,Non-foil,mainboard,false,,,"mono","",-1,false,false,"Dan Murayama Scott"
"Rite of Replication",4,"Sorcery",U,"zen","61",rare,null,Owned,Non-foil,mainboard,false,,,"mono","",34770,false,false,"Matt Cavotta"
"Battle Hymn",2,"Instant",R,"avr","128",common,null,Owned,Non-foil,mainboard,false,,,"mono","",44183,false,false,"Nils Hamm"
"Mana Geyser",5,"Sorcery",R,"5dn","75",common,null,Owned,Non-foil,mainboard,false,,,"mono","",20652,false,false,"Martina Pilcerova"
"Apex of Power",10,"Sorcery",R,"m19","129",mythic,null,Owned,Non-foil,mainboard,false,,,"mono","",68419,false,false,"Svetlin Velinov"
"Vandalblast",1,"Sorcery",R,"rtr","111",uncommon,null,Owned,Non-foil,mainboard,false,,,"mono","",46405,false,false,"Seb McKinnon"
"Windfall",3,"Sorcery",U,"c15","111",uncommon,null,Owned,Non-foil,mainboard,false,,,"mono","",-1,false,false,"Pete Venters"
"Wheel of Fortune",3,"Sorcery",R,"g10","7",rare,null,Owned,Non-foil,mainboard,false,,,"mono","",-1,false,false,"John Matson"
"Treasure Cruise",8,"Sorcery",U,"ktk","59",common,null,Owned,Non-foil,mainboard,false,,,"mono","",54300,false,false,"Cynthia Sheppard"
"Dig Through Time",8,"Instant",U,"ktk","36",rare,null,Owned,Non-foil,mainboard,false,,,"mono","",54316,false,false,"Ryan Yee"
"Electrodominance",2,"Instant",R,"rna","99",rare,null,Owned,Non-foil,mainboard,false,,,"mono","",71198,false,false,"Dmitry Burmak"
"Shark Typhoon",6,"Enchantment",U,"iko","67",rare,null,Owned,Non-foil,mainboard,false,,,"mono","",80143,false,false,"Caio Monteiro"
"Mind's Dilation",7,"Enchantment",U,"emn","70",mythic,null,Owned,Non-foil,mainboard,false,,,"mono","",61118,false,false,"Iain McCaig"
"Siege-Gang Commander",5,"Creature - Goblin",R,"10e","234",rare,null,Owned,Non-foil,mainboard,false,,,"mono","",27550,false,false,"Christopher Moeller"
"Siege-Gang Lieutenant",4,"Creature - Goblin",R,"m3c","113",rare,null,Owned,Non-foil,mainboard,false,,,"mono","",127425,false,false,"Warren Mahy"
"Goblin War Strike",1,"Sorcery",R,"scg","96",common,null,Owned,Non-foil,mainboard,false,,,"goblin","Krenko, Mob Boss",18844,false,false,"Pete Venters"
"Dragon Fodder",2,"Sorcery",R,"ala","97",common,null,Owned,Foil,mainboard,false,,,"goblin","Mizzix of the Izmagnus",31003,false,false,"Jaime Jones"
"Krenko's Command",2,"Sorcery",R,"m13","139",common,null,Owned,Non-foil,mainboard,false,,,"goblin","Mizzix of the Izmagnus",45518,false,false,"Karl Kopinski"
"Hordeling Outburst",3,"Sorcery",R,"f15","3",rare,null,Owned,Foil,mainboard,false,,,"goblin","Mizzix of the Izmagnus",-1,false,false,"Zoltan Boros"
"Burn at the Stake",5,"Sorcery",R,"avr","130",rare,null,Owned,Non-foil,mainboard,false,,,"mono","",44203,false,false,"Zoltan Boros"
"Myr Battlesphere",7,"Artifact Creature - Myr Construct",,"som","180",rare,null,Owned,Non-foil,mainboard,false,,,"mono","",38307,false,false,"Franz Vohwinkel"
"Triplicate Titan",9,"Artifact Creature - Golem",,"plst","C21-79",rare,null,Owned,Non-foil,mainboard,false,,,"mono","",-1,false,false,"Andrew Mar"
"Wurmcoil Engine",6,"Artifact Creature - Phyrexian Wurm",,"som","223",mythic,null,Owned,Non-foil,mainboard,false,,,"mono","",38185,false,false,"Raymond Swanland"
"Slobad, Iron Goblin",3,"Legendary Creature - Phyrexian Goblin Artificer",R,"one","149",rare,null,Owned,Foil,mainboard,false,,,"mono","",106513,false,false,"Chris Seaman"
"Grenzo, Havoc Raiser",2,"Legendary Creature - Goblin Rogue",R,"cn2","54",rare,null,Owned,Non-foil,mainboard,false,,,"mono","",-1,false,false,"Svetlin Velinov"
"Krenko, Tin Street Kingpin",3,"Legendary Creature - Goblin",R,"war","137",rare,null,Owned,Non-foil,mainboard,false,,,"goblin","",71880,false,false,"Mark Behm"
"Krenko, Mob Boss",4,"Legendary Creature - Goblin Warrior",R,"m13","138",rare,null,Owned,Non-foil,mainboard,false,,"https://cards.scryfall.io/large/front/9/8/98ce0500-d9b4-4218-bcc6-dd6194068958.jpg?1686264363","commander;draftEffect","Goblin Booster Pack, 6",45578,false,false,"Karl Kopinski"
"Runaway Steam-Kin",2,"Creature - Elemental",R,"grn","115",rare,null,Owned,Non-foil,mainboard,false,,,"mono","",69603,false,false,"Jason Felix"
"Manabarbs",4,"Enchantment",R,"m10","149",rare,null,Owned,Non-foil,mainboard,false,,,"mono","",32655,false,false,"Jeff Miracola"
"Anger",4,"Creature - Incarnation",R,"jud","77",uncommon,null,Owned,Non-foil,mainboard,false,,,"mono","",17524,false,false,"John Avon"
"Goblin Welder",1,"Creature - Goblin Artificer",R,"cm2","101",rare,null,Owned,Non-foil,mainboard,false,,,"mono","",-1,false,false,"Scott M. Fischer"
"Manamorphose",2,"Instant",R,"shm","211",common,null,Owned,Non-foil,mainboard,false,,,"mono","",29653,false,false,"Jeff Miracola"
"Loyal Apprentice",2,"Creature - Human Artificer",R,"c18","23",uncommon,null,Owned,Non-foil,mainboard,false,,,"mono","",-1,false,false,"Joe Slucher"
"Valakut Exploration",3,"Enchantment",R,"znr","175",rare,null,Owned,Non-foil,mainboard,false,,,"mono","",83333,false,false,"Jesper Ejsing"
"Magus of the Wheel",3,"Creature - Human Wizard",R,"cm2","113",rare,null,Owned,Non-foil,mainboard,false,,,"mono","",-1,false,false,"Carl Frank"
"Fumiko the Lowblood",4,"Legendary Creature - Human Samurai",RW,"bok","104",rare,null,Owned,Non-foil,mainboard,false,,"https://cards.scryfall.io/large/front/0/d/0dffd473-2b89-4f74-8bff-39b8eb408b26.jpg?1591319133","draftEffect;commander","Human Booster Pack, 6
Pearl Adornment",21621,false,false,"Michael Sutfin"
"Shared Animosity",3,"Enchantment",R,"mor","104",rare,null,Owned,Non-foil,mainboard,false,,,"mono","",29242,false,false,"Chuck Lukacs"
"Reverberate",2,"Instant",R,"m11","155",rare,null,Owned,Non-foil,mainboard,false,,,"mono","",37422,false,false,"jD"
"Lightning Bolt",1,"Instant",R,"m10","146",common,null,Owned,Non-foil,mainboard,false,,,"mono","",32859,false,false,"Christopher Moeller"
"Etali, Primal Storm",6,"Legendary Creature - Elder Dinosaur",R,"rix","100",rare,null,Owned,Foil,mainboard,false,,,"mono","",66653,false,false,"Raymond Swanland"
"Rabbit Battery",1,"Artifact Creature - Equipment Rabbit",R,"neo","157",uncommon,null,Owned,Non-foil,mainboard,false,,,"mono","",97246,false,false,"Justyna Dura"
"Reckless Fireweaver",2,"Creature - Human Artificer",R,"kld","126",common,null,Owned,Non-foil,mainboard,false,,,"mono","",61711,false,false,"Deruchenko Alexander"
"Feldon of the Third Path",3,"Legendary Creature - Human Artificer",R,"cm2","6",mythic,null,Owned,Foil,mainboard,false,,,"mono","",-1,false,false,"Chase Stone"
"Blasphemous Act",9,"Sorcery",R,"isd","130",rare,null,Owned,Non-foil,mainboard,false,,,"mono","",42410,false,false,"Daarken"
"Jeska's Will",3,"Sorcery",R,"cmr","187",rare,null,Owned,Non-foil,mainboard,false,,,"mono","",85156,false,false,"Izzy"
"Witty Roastmaster",3,"Creature - Devil Citizen",R,"snc","131",common,null,Owned,Non-foil,mainboard,false,,,"mono","",98481,false,false,"Joe Slucher"
"Chaos Warp",3,"Instant",R,"cmd","114",rare,null,Owned,Non-foil,mainboard,false,,,"mono","",40636,false,false,"Trevor Claxton"
"Black Market",5,"Enchantment",B,"c15","116",rare,null,Owned,Non-foil,mainboard,false,,,"mono","",-1,false,false,"Jeff Easley"
"Impact Tremors",2,"Enchantment",R,"dtk","140",common,null,Owned,Non-foil,mainboard,false,,,"mono","",56250,false,false,"Lake Hurwitz"
"Roar of Resistance",2,"Enchantment",R,"onc","15",rare,null,Owned,Non-foil,mainboard,false,,,"mono","",106893,false,false,"Lie Setiawan"
"Professional Face-Breaker",3,"Creature - Human Warrior",R,"snc","116",rare,null,Owned,Non-foil,mainboard,false,,,"mono","",98451,false,false,"Dan Murayama Scott"
"Brass's Bounty",7,"Sorcery",R,"prix","94",rare,null,Owned,Foil,mainboard,false,,,"mono","",-1,false,false,"Dimitar Marinski"
"Rite of the Dragoncaller",6,"Enchantment",R,"fdn","92",mythic,null,Owned,Non-foil,mainboard,false,,,"mono","",133752,false,false,"PINDURSKI"
"Goro-Goro, Disciple of Ryusei",2,"Legendary Creature - Goblin Samurai",R,"neo","145",rare,null,Owned,Foil,mainboard,false,,,"mono","",97220,false,false,"Mike Jordana"
"Coffin Queen",3,"Creature - Zombie Wizard",B,"plst","TPR-87",rare,null,Owned,Non-foil,mainboard,false,,,"mono","",-1,false,false,"Kaja Foglio"
"Dismember",3,"Instant",B,"nph","57",uncommon,null,Owned,Non-foil,mainboard,false,,,"mono","",39944,false,false,"Terese Nielsen"
"Noxious Gearhulk",6,"Artifact Creature - Construct",B,"kld","96",mythic,null,Owned,Non-foil,mainboard,false,,,"mono","",61959,false,false,"Lius Lasahido"
"Persist",2,"Sorcery",B,"mh2","96",rare,null,Owned,Non-foil,mainboard,false,,,"mono","",90565,false,false,"Milivoj Ćeran"
"Blood Money",7,"Sorcery",B,"clb","116",mythic,null,Owned,Non-foil,mainboard,false,,,"mono","",100244,false,false,"Inka Schulz"
"Buried Alive",3,"Sorcery",B,"cm2","59",uncommon,null,Owned,Non-foil,mainboard,false,,,"mono","",-1,false,false,"Greg Staples"
"Attrition",3,"Enchantment",B,"uds","52",rare,null,Owned,Non-foil,mainboard,false,,,"mono","",12851,false,false,"Scott M. Fischer"
"Bastion of Remembrance",3,"Enchantment",B,"iko","73",uncommon,null,Owned,Foil,mainboard,false,,,"mono","",80155,false,false,"Volkan Baǵa"
"Oreskos Explorer",2,"Creature - Cat Scout",W,"c15","6",uncommon,null,Owned,Non-foil,mainboard,false,,,"mono","",-1,false,false,"Winona Nelson"
"Bounty Agent",2,"Creature - Human Soldier",W,"grn","2",rare,null,Owned,Non-foil,mainboard,false,,,"mono","",69377,false,false,"Randy Vargas"
"Open the Vaults",6,"Sorcery",W,"m10","21",rare,null,Owned,Foil,mainboard,false,,,"mono","",32973,false,false,"Brian Despain"
"Mentor of the Meek",3,"Creature - Human Soldier",W,"isd","21",rare,null,Owned,Foil,mainboard,false,,,"mono","",42694,false,false,"Jana Schirmer & Johannes Voss"
"Oblivion Ring",3,"Enchantment",W,"ala","20",common,null,Owned,Foil,mainboard,false,,,"mono","",30977,false,false,"Franz Vohwinkel"
"Day of Judgment",4,"Sorcery",W,"zen","9",rare,null,Owned,Non-foil,mainboard,false,,,"mono","",34552,false,false,"Vincent Proce"
"Anointed Procession",4,"Enchantment",W,"akh","2",rare,null,Owned,Foil,mainboard,false,,,"mono","",63606,false,false,"Victor Adame Minguez"
"Path to Exile",1,"Instant",W,"mma","25",uncommon,null,Owned,Foil,mainboard,false,,,"mono","",48814,false,false,"Todd Lockwood"
"Vulturous Zombie",5,"Creature - Plant Zombie",BG,"cmd","236",rare,null,Owned,Non-foil,mainboard,false,,,"mono","",40736,false,false,"Greg Staples"
"Prime Speaker Zegana",6,"Legendary Creature - Merfolk Wizard",GU,"gtc","188",mythic,null,Owned,Non-foil,mainboard,false,,,"commander","",47767,false,false,"Willian Murai"
"Akiri, Line-Slinger",2,"Legendary Creature - Kor Soldier Ally",RW,"c16","26",rare,null,Owned,Non-foil,mainboard,false,,,"commander","",-1,false,false,"David Gaillet"
"Urza, Chief Artificer",6,"Legendary Creature - Human Artificer",BUW,"brc","2",mythic,null,Owned,Foil,mainboard,false,,,"commander","",105256,false,false,"Bartłomiej Gaweł"
"Adriana, Captain of the Guard",5,"Legendary Creature - Human Knight",RW,"cn2","73",rare,null,Owned,Non-foil,mainboard,false,,"https://cards.scryfall.io/large/front/0/d/0dffd473-2b89-4f74-8bff-39b8eb408b26.jpg?1591319133","commander;draftEffect","Human Booster Pack, 6",-1,false,false,"Chris Rallis"
"Garna, the Bloodflame",5,"Legendary Creature - Human Warrior",BR,"dom","194",uncommon,null,Owned,Non-foil,mainboard,false,,,"mono","",67853,false,false,"Winona Nelson"
"Ravos, Soultender",5,"Legendary Creature - Human Cleric",BW,"c16","39",mythic,null,Owned,Foil,mainboard,false,,,"commander","",-1,false,false,"Zezhou Chen"
"Tymna the Weaver",3,"Legendary Creature - Human Cleric",BW,"c16","48",rare,null,Owned,Non-foil,mainboard,false,,,"commander","",-1,false,false,"Winona Nelson"
"Vial Smasher the Fierce",3,"Legendary Creature - Goblin Berserker",BR,"c16","49",mythic,null,Owned,Non-foil,mainboard,false,,"https://cards.scryfall.io/large/front/9/8/98ce0500-d9b4-4218-bcc6-dd6194068958.jpg?1686264363","commander;draftEffect","Goblin Booster Pack, 6",-1,false,false,"Deruchenko Alexander"
"Lich-Knights' Conquest",5,"Sorcery",B,"woe","96",rare,null,Owned,Foil,mainboard,false,,,"mono","",116508,false,false,"Denis Zhbankov"
"Wake the Dead",2,"Instant",B,"c14","31",rare,null,Owned,Non-foil,mainboard,false,,,"mono","",55201,false,false,"Christopher Moeller"
"Kediss, Emberclaw Familiar",2,"Legendary Creature - Elemental Lizard",R,"cmr","188",uncommon,null,Owned,Non-foil,mainboard,false,,,"commander","",85158,false,false,"Jesper Ejsing"
"Dockside Extortionist",2,"Creature - Goblin Pirate",R,"c19","24",rare,null,Owned,Non-foil,mainboard,false,,,"mono","",77102,false,false,"Forrest Imel"
"Abrade",2,"Instant",R,"hou","83",uncommon,null,Owned,Foil,mainboard,false,,,"mono","",64650,false,false,"Jonas De Ro"
"Faithless Looting",1,"Sorcery",R,"dka","87",common,null,Owned,Non-foil,mainboard,false,,,"mono","",43267,false,false,"Gabor Szikszai"
"Gleeful Demolition",1,"Sorcery",R,"one","134",uncommon,null,Owned,Foil,mainboard,false,,,"mono","",106483,false,false,"Tuan Duong Chu"
"Hell to Pay",1,"Sorcery",R,"otj","126",rare,null,Owned,Foil,mainboard,false,,,"mono","",124163,false,false,"Liiga Smilshkalne"
"Curse of Opulence",1,"Enchantment - Aura Curse",R,"c17","24",uncommon,null,Owned,Non-foil,mainboard,false,,,"mono","",73820,false,false,"Kieran Yanner"
"Sneak Attack",4,"Enchantment",R,"ema","148",mythic,null,Owned,Non-foil,mainboard,false,,,"mono","",60769,false,false,"Tyler Jacobson"
"Comet Storm",2,"Instant",R,"pwwk","76★",mythic,null,Owned,Foil,mainboard,false,,,"mono","",-1,false,false,"Tomasz Jedruszek"
"Banefire",1,"Sorcery",R,"con","58",rare,null,Owned,Non-foil,mainboard,false,,,"mono","",31883,false,false,"Raymond Swanland"
"Wild Magic Surge",2,"Instant",R,"clb","206",uncommon,null,Owned,Foil,mainboard,false,,,"mono","",-1,false,false,"Dave Greco"
"Urabrask the Hidden",5,"Legendary Creature - Phyrexian Praetor",R,"nph","98",mythic,null,Owned,Non-foil,mainboard,false,,,"mono","",39738,false,false,"Brad Rigney"
"Terror of the Peaks",5,"Creature - Dragon",R,"m21","164",mythic,null,Owned,Non-foil,mainboard,false,,,"mono","",81555,false,false,"Andrey Kuzinskiy"
"Insurrection",8,"Sorcery",R,"cmd","126",rare,null,Owned,Non-foil,mainboard,false,,,"mono","",40677,false,false,"Mark Zug"
"Arcane Bombardment",6,"Enchantment",R,"snc","101",mythic,null,Owned,Non-foil,mainboard,false,,,"mono","",98421,false,false,"Marta Nael"
"Invoke Calamity",5,"Instant",R,"neo","147",rare,null,Owned,Foil,mainboard,false,,,"mono","",97224,false,false,"Svetlin Velinov"
"Goblin Wizard",4,"Creature - Goblin Wizard",R,"me1","97",rare,null,Owned,Non-foil,mainboard,false,,,"goblin","",27961,false,false,"Daniel Gelon"
"Predator Dragon",6,"Creature - Dragon",R,"ala","109",rare,null,Owned,Non-foil,mainboard,false,,,"mono","",31037,false,false,"Raymond Swanland"
"Elemental Mastery",4,"Enchantment - Aura",R,"shm","90",rare,null,Owned,Non-foil,mainboard,false,,,"mono","",29463,false,false,"Cyril Van Der Haegen"
"Molten Primordial",7,"Creature - Avatar",R,"gtc","101",rare,null,Owned,Non-foil,mainboard,false,,,"mono","",47917,false,false,"Stephan Martiniere"
"Strike It Rich",1,"Sorcery",R,"mh2","143",uncommon,null,Owned,Non-foil,mainboard,false,,,"mono","",90663,false,false,"Volkan Baǵa"
"Gauntlet of Might",4,"Artifact",,"30a","537",rare,null,Owned,Non-foil,mainboard,false,,,"mono","",-1,false,false,"Christopher Rush"
"Molten Gatekeeper",3,"Artifact Creature - Golem",R,"mh3","128",common,null,Owned,Non-foil,mainboard,false,,,"mono","",126273,false,false,"Joe Slucher"
"Trash for Treasure",3,"Sorcery",R,"mrd","109",rare,null,Owned,Non-foil,mainboard,false,,,"mono","",20153,false,false,"Lars Grant-West"
"Ruin Grinder",6,"Artifact Creature - Construct",R,"c21","57",rare,null,Owned,Non-foil,mainboard,false,,,"mono","",89857,false,false,"Hector Ortiz"
"Glittering Stockpile",3,"Artifact - Treasure",R,"snc","107",uncommon,null,Owned,Foil,mainboard,false,,,"mono","",98433,false,false,"Brock Grossman"
"Wyleth, Soul of Steel",3,"Legendary Creature - Human Warrior",RW,"cmr","362",mythic,null,Owned,Foil,mainboard,false,,"https://cards.scryfall.io/large/front/7/6/76cd4e45-30a0-4a24-9612-adeb8fddff23.jpg?1706239616","draftEffect;commander","Aegis of the Legion
Signature Spell",85830,false,false,"Tyler Jacobson"
"Corpsejack Menace",4,"Creature - Fungus",BG,"ima","197",uncommon,null,Owned,Non-foil,mainboard,false,,,"mono","",66273,false,false,"Chris Rahn"
"Dragonlord Ojutai",5,"Legendary Creature - Elder Dragon",UW,"dtk","219",mythic,null,Owned,Non-foil,mainboard,false,,,"commander","",56048,false,false,"Chase Stone"
"Silas Renn, Seeker Adept",3,"Legendary Artifact Creature - Human",BU,"c16","43",mythic,null,Owned,Foil,mainboard,false,,,"commander","",-1,false,false,"Joseph Meehan"
"Fling",2,"Instant",R,"dci","69",rare,null,Owned,Foil,mainboard,false,,,"mono","",-1,false,false,"Daren Bader"
"Rite of Consumption",2,"Sorcery",B,"shm","76",common,null,Owned,Non-foil,mainboard,false,,,"mono","",29861,false,false,"Ron Spencer"
"Thud",1,"Sorcery",R,"m19","163",uncommon,null,Owned,Non-foil,mainboard,false,,,"mono","",68487,false,false,"Kev Walker"
"Mayhem Devil",3,"Creature - Devil",BR,"war","204",uncommon,null,Owned,Non-foil,mainboard,false,,,"mono","",72014,false,false,"Dmitry Burmak"
"Sticky Fingers",1,"Enchantment - Aura",R,"snc","124",common,null,Owned,Non-foil,mainboard,false,,,"mono","",98467,false,false,"Mark Behm"
"Spiteful Banditry",2,"Enchantment",R,"ltr","149",mythic,null,Owned,Non-foil,mainboard,false,,,"mono","",112208,false,false,"Manuel Castañón"
"The Reaver Cleaver",3,"Legendary Artifact - Equipment",R,"dmc","8",rare,null,Owned,Non-foil,mainboard,false,,,"mono","",103054,false,false,"Yigit Koroglu"
"Galazeth Prismari",4,"Legendary Creature - Elder Dragon",RU,"stx","189",mythic,null,Owned,Non-foil,mainboard,false,,"https://cards.scryfall.io/large/front/4/b/4b150797-ee8d-42f8-adcb-2f4b1783c074.jpg?1576384288","commander;draftEffect","Trail of Evidence
Signature Spell",88885,false,false,"Raymond Swanland"
"Storm the Vault",4,"Legendary Enchantment",RU,"rix","173",rare,null,Owned,Non-foil,mainboard,false,,,"mono","",66807,false,false,"Victor Adame Minguez"
"Warren Soultrader",3,"Creature - Zombie Goblin Wizard",B,"mh3","110",rare,null,Owned,Non-foil,mainboard,false,,,"mono","",126237,false,false,"Pete Venters"
"Pitiless Plunderer",4,"Creature - Human Pirate",B,"spg","5",uncommon,null,Owned,Non-foil,mainboard,false,,,"mono","",117376,false,false,"Johan Grenier"
"Bronze Guardian",5,"Artifact Creature - Golem",W,"c21","13",rare,null,Owned,Non-foil,mainboard,false,,,"mono","",89769,false,false,"Grzegorz Rutkowski"
"Sarkhan Vol",4,"Legendary Planeswalker - Sarkhan",GR,"ala","191",mythic,null,Owned,Non-foil,mainboard,false,,,"mono","",31053,false,false,"Daarken"
"Aura Shards",3,"Enchantment",GW,"cmd","182",uncommon,null,Owned,Non-foil,mainboard,false,,,"mono","",40576,false,false,"Ron Spencer"
"Obstinate Baloth",4,"Creature - Beast",G,"m11","188",rare,null,Owned,Non-foil,mainboard,false,,,"mono","",37478,false,false,"Chris Rahn"
"Kodama's Reach",3,"Sorcery - Arcane",G,"dmc","134",common,null,Owned,Foil,mainboard,false,,,"mono","",103154,false,false,"Sam Burley"
"Beastmaster Ascension",3,"Enchantment",G,"zen","159",rare,null,Owned,Non-foil,mainboard,false,,,"mono","",34818,false,false,"Alex Horley-Orlandelli"
"Brawn",4,"Creature - Incarnation",G,"cmd","145",uncommon,null,Owned,Non-foil,mainboard,false,,,"mono","",40669,false,false,"Matt Cavotta"
"Farhaven Elf",3,"Creature - Elf Druid",G,"shm","113",common,null,Owned,Non-foil,mainboard,false,,,"mono","",29619,false,false,"Brandon Kitkouski"
"Acidic Slime",5,"Creature - Ooze",G,"f12","6",rare,null,Owned,Foil,mainboard,false,,,"mono","",-1,false,false,"Brad Rigney"
"Rampant Growth",2,"Sorcery",G,"10e","288",common,null,Owned,Non-foil,mainboard,false,,,"mono","",27018,false,false,"Steven Belledin"
"Farseek",2,"Sorcery",G,"m13","170",common,null,Owned,Non-foil,mainboard,false,,,"mono","",45724,false,false,"Martina Pilcerova"
"Return to Nature",2,"Instant",G,"eld","173",common,null,Owned,Non-foil,mainboard,false,,,"mono","",78486,false,false,"Mark Poole"
"Tireless Tracker",3,"Creature - Human Scout",G,"soi","233",rare,null,Owned,Non-foil,mainboard,false,,,"mono","",60320,false,false,"Eric Deschamps"
"Mycoloth",5,"Creature - Fungus",G,"ala","140",rare,null,Owned,Non-foil,mainboard,false,,,"mono","",31333,false,false,"Raymond Swanland"
"Eternal Witness",3,"Creature - Human Shaman",G,"5dn","86",uncommon,null,Owned,Non-foil,mainboard,false,,,"mono","",20856,false,false,"Terese Nielsen"
"Cultivate",3,"Sorcery",G,"m11","168",common,null,Owned,Non-foil,mainboard,false,,,"mono","",37350,false,false,"Anthony Palumbo"
"Harrow",3,"Instant",G,"zen","165",common,null,Owned,Non-foil,mainboard,false,,,"mono","",34468,false,false,"Izzy"
"Llanowar Elves",1,"Creature - Elf Druid",G,"pdmu","1★",rare,null,Owned,Foil,mainboard,false,,,"mono","",-1,false,false,"Chris Rahn"
"Three Visits",2,"Sorcery",G,"cmr","686",uncommon,null,Owned,Foil,mainboard,false,,,"mono","",-1,false,false,"Yeong-Hao Han"
"Return of the Wildspeaker",5,"Instant",G,"eld","172",rare,null,Owned,Foil,mainboard,false,,,"mono","",78484,false,false,"Chris Rallis"
"Yavimaya Elder",3,"Creature - Human Druid",G,"cmd","179",common,null,Owned,Non-foil,mainboard,false,,,"mono","",40603,false,false,"Matt Cavotta"
"Heroic Intervention",2,"Instant",G,"afc","161",rare,null,Owned,Foil,mainboard,false,,,"mono","",-1,false,false,"Randy Vargas"
"Bygone Bishop",3,"Creature - Spirit Cleric",W,"soi","8",rare,null,Owned,Non-foil,mainboard,false,,,"mono","",60212,false,false,"Jason A. Engle"
"Frontline Medic",3,"Creature - Human Cleric",W,"gtc","12",rare,null,Owned,Non-foil,mainboard,false,,,"mono","",47739,false,false,"Willian Murai"
"Loran of the Third Path",3,"Legendary Creature - Human Artificer",W,"bro","12",rare,null,Owned,Non-foil,mainboard,false,,,"mono","",104642,false,false,"Steven Belledin"
"Myrsmith",2,"Creature - Human Artificer",W,"som","16",uncommon,null,Owned,Foil,mainboard,false,,,"mono","",38303,false,false,"Eric Deschamps"
"Oltec Matterweaver",3,"Creature - Human Artificer",W,"big","3",mythic,null,Owned,Non-foil,mainboard,false,,,"mono","",125367,false,false,"Villarrte"
"Puresteel Paladin",2,"Creature - Human Knight",W,"nph","20",rare,null,Owned,Non-foil,mainboard,false,,,"mono","",39886,false,false,"Jason Chan"
"Relic Seeker",2,"Creature - Human Soldier",W,"pori","29",rare,null,Owned,Foil,mainboard,false,,,"mono","",-1,false,false,"Deruchenko Alexander"
"Stoneforge Mystic",2,"Creature - Kor Artificer",W,"wwk","20",rare,null,Owned,Foil,mainboard,false,,,"mono","",35737,false,false,"Mike Bierek"
"Teshar, Ancestor's Apostle",4,"Legendary Creature - Bird Cleric",W,"dom","36",rare,null,Owned,Non-foil,mainboard,false,,,"mono","",67537,false,false,"Even Amundsen"
"Thraben Doomsayer",3,"Creature - Human Cleric",W,"dka","25",rare,null,Owned,Non-foil,mainboard,false,,,"human","",43353,false,false,"John Stanko"
"Increasing Devotion",5,"Sorcery",W,"dka","11",rare,null,Owned,Non-foil,mainboard,false,,,"human","",43453,false,false,"Daniel Ljunggren"
"Martial Impetus",3,"Enchantment - Aura",W,"c20","28",uncommon,null,Owned,Non-foil,mainboard,false,,,"mono","",80637,false,false,"Aaron Miller"
"Thieving Skydiver",2,"Creature - Merfolk Rogue",U,"znr","85",rare,null,Owned,Foil,mainboard,false,,,"mono","",83127,false,false,"Kieran Yanner"
"Torrential Gearhulk",6,"Artifact Creature - Construct",U,"kld","67",mythic,null,Owned,Foil,mainboard,false,,,"mono","",61917,false,false,"Svetlin Velinov"
"Reverse Engineer",5,"Sorcery",U,"f17","7",rare,null,Owned,Foil,mainboard,false,,,"mono","",-1,false,false,"Jason Kang"
"Lightning Greaves",2,"Artifact - Equipment",,"mrd","199",uncommon,null,Owned,Non-foil,mainboard,false,,,"mono","",19737,false,false,"Jeremy Jarvis"
"Cankerbloom",2,"Creature - Phyrexian Fungus",G,"one","161",uncommon,null,Owned,Foil,mainboard,false,,,"mono","",106537,false,false,"Nicholas Gregory"
"Disciple of Bolas",4,"Creature - Human Wizard",B,"m13","88",rare,null,Owned,Non-foil,mainboard,false,,,"mono","",45568,false,false,"Slawomir Maniak"
"Jarad, Golgari Lich Lord",4,"Legendary Creature - Zombie Elf",BG,"ddj","45",mythic,null,Owned,Foil,mainboard,false,,,"commander","",46125,false,false,"Svetlin Velinov"
"Meren of Clan Nel Toth",4,"Legendary Creature - Human Shaman",BG,"cma","186",mythic,null,Owned,Non-foil,mainboard,false,,,"commander","",-1,false,false,"Mark Winters"
"Mazirek, Kraul Death Priest",5,"Legendary Creature - Insect Shaman",BG,"c15","48",mythic,null,Owned,Non-foil,mainboard,false,,,"commander","",-1,false,false,"Mathias Kollros"
"Ghalta, Primal Hunger",12,"Legendary Creature - Elder Dinosaur",G,"rix","130",rare,null,Owned,Non-foil,mainboard,false,,,"mono","",66713,false,false,"Chase Stone"
"Tribute to the World Tree",3,"Enchantment",G,"mom","211",rare,null,Owned,Non-foil,mainboard,false,,,"mono","",110308,false,false,"Kristina Carroll"
"Warstorm Surge",6,"Enchantment",R,"m12","160",rare,null,Owned,Non-foil,mainboard,false,,,"mono","",41511,false,false,"Raymond Swanland"
"Traverse the Outlands",5,"Sorcery",G,"c17","34",rare,null,Owned,Non-foil,mainboard,false,,,"mono","",73840,false,false,"Daarken"
"Goreclaw, Terror of Qal Sisma",4,"Legendary Creature - Bear",G,"m19","186",rare,null,Owned,Non-foil,mainboard,false,,,"commander","",68533,false,false,"Svetlin Velinov"
"Rishkar's Expertise",6,"Sorcery",G,"aer","123",rare,null,Owned,Non-foil,mainboard,false,,,"mono","",62805,false,false,"Magali Villeneuve"
"Chandra's Ignition",5,"Sorcery",R,"ori","137",rare,null,Owned,Non-foil,mainboard,false,,,"mono","",57988,false,false,"Eric Deschamps"
"Selvala, Heart of the Wilds",3,"Legendary Creature - Elf Scout",G,"cn2","70",mythic,null,Owned,Non-foil,mainboard,false,,,"mono","",-1,false,false,"Tyler Jacobson"
"The Great Henge",9,"Legendary Artifact",G,"eld","161",mythic,null,Owned,Non-foil,mainboard,false,,,"mono","",78460,false,false,"Adam Paquette"
"Rotting Regisaur",3,"Creature - Zombie Dinosaur",B,"m20","111",rare,null,Owned,Non-foil,mainboard,false,,,"mono","",73121,false,false,"Randy Vargas"
"Lathril, Blade of the Elves",4,"Legendary Creature - Elf Noble",BG,"khc","1",mythic,null,Owned,Foil,mainboard,false,,"https://cards.scryfall.io/large/front/b/7/b7663358-c85c-4ba4-ac9b-6be6105363a9.jpg?1562279140","commander;draftEffect","Elf Booster Pack, 6",88146,false,false,"Caroline Gariba"
"Ezuri, Claw of Progress",4,"Legendary Creature - Phyrexian Elf Warrior",GU,"oc15","44",mythic,null,Owned,Non-foil,mainboard,false,,"https://cards.scryfall.io/large/front/b/7/b7663358-c85c-4ba4-ac9b-6be6105363a9.jpg?1562279140","commander;draftEffect","Elf Booster Pack, 6",-1,false,false,"James Ryman"
"Eladamri, Korvecdal",3,"Legendary Creature - Elf Warrior",G,"mh3","149",mythic,null,Owned,Non-foil,mainboard,false,,,"commander","",126315,false,false,"Zoltan Boros"
"Beast Whisperer",4,"Creature - Elf Druid",G,"grn","123",rare,null,Owned,Non-foil,mainboard,false,,,"mono","",69619,false,false,"Matt Stewart"
"Heritage Druid",1,"Creature - Elf Druid",G,"mor","126",uncommon,null,Owned,Non-foil,mainboard,false,,,"elf","",29004,false,false,"Larry MacDougall"
"Aftermath Analyst",2,"Creature - Elf Detective",G,"mkm","148",uncommon,null,Owned,Non-foil,mainboard,false,,,"mono","",121772,false,false,"Danny Schwartz"
"Elvish Visionary",2,"Creature - Elf Shaman",G,"f10","6",rare,null,Owned,Foil,mainboard,false,,,"mono","",-1,false,false,"Lucio Parrillo"
"Elvish Warmaster",2,"Creature - Elf Warrior",G,"khm","167",rare,null,Owned,Non-foil,mainboard,false,,,"elf","",87671,false,false,"Alexander Mokhov"
"Hermit Druid",2,"Creature - Human Druid",G,"vma","216",rare,null,Owned,Non-foil,mainboard,false,,,"mono","",52703,false,false,"Heather Hudson"
"Cryptolith Rite",2,"Enchantment",G,"soi","200",rare,null,Owned,Non-foil,mainboard,false,,,"mono","",59792,false,false,"Zack Stella"
"Life from the Loam",2,"Sorcery",G,"rav","172",rare,null,Owned,Non-foil,mainboard,false,,,"mono","",23376,false,false,"Terese Nielsen"
"Elvish Archdruid",3,"Creature - Elf Druid",G,"m10","176",rare,null,Owned,Non-foil,mainboard,false,,,"elf","",32885,false,false,"Karl Kopinski"
"Elvish Champion",3,"Creature - Elf",G,"10e","261",rare,null,Owned,Non-foil,mainboard,false,,,"elf","",27382,false,false,"D. Alexander Gregory"
"Evolution Witness",3,"Creature - Elf Shaman Mutant",G,"mh3","151",common,null,Owned,Non-foil,mainboard,false,,,"mono","",126319,false,false,"Nereida"
"Imperious Perfect",3,"Creature - Elf Warrior",G,"lrw","220",uncommon,null,Owned,Non-foil,mainboard,false,,,"elf","",28373,false,false,"Scott M. Fischer"
"Rishkar, Peema Renegade",3,"Legendary Creature - Elf Druid",G,"aer","122",rare,null,Owned,Non-foil,mainboard,false,,,"mono","",62795,false,false,"Todd Lockwood"
"Wayward Swordtooth",3,"Creature - Dinosaur",G,"rix","150",rare,null,Owned,Non-foil,mainboard,false,,,"mono","",66753,false,false,"Chris Rahn"
"Beast Within",3,"Instant",G,"nph","103",uncommon,null,Owned,Non-foil,mainboard,false,,,"mono","",39884,false,false,"Dave Allsop"
"Immaculate Magistrate",4,"Creature - Elf Shaman",G,"lrw","219",rare,null,Owned,Non-foil,mainboard,false,,,"elf","",28721,false,false,"Jim Nelson"
"Oracle of Mul Daya",4,"Creature - Elf Shaman",G,"zen","172",rare,null,Owned,Non-foil,mainboard,false,,,"mono","",34542,false,false,"Vance Kovacs"
"Vengevine",4,"Creature - Elemental",G,"roe","212",mythic,null,Owned,Non-foil,mainboard,false,,,"mono","",36540,false,false,"Raymond Swanland"
"World Shaper",4,"Creature - Merfolk Shaman",G,"rix","151",rare,null,Owned,Non-foil,mainboard,false,,,"mono","",66755,false,false,"Raymond Swanland"
"Collected Company",4,"Instant",G,"dtk","177",rare,null,Owned,Non-foil,mainboard,false,,,"mono","",56314,false,false,"Franz Vohwinkel"
"Scapeshift",4,"Sorcery",G,"mor","136",rare,null,Owned,Non-foil,mainboard,false,,,"mono","",28954,false,false,"Fred Fields"
"Second Harvest",4,"Instant",G,"soi","227",rare,null,Owned,Non-foil,mainboard,false,,,"mono","",60126,false,false,"Matt Stewart"
"Craterhoof Behemoth",8,"Creature - Beast",G,"avr","172",mythic,null,Owned,Non-foil,mainboard,false,,,"mono","",43921,false,false,"Chris Rahn"
"Ghalta, Stampede Tyrant",8,"Legendary Creature - Elder Dinosaur",G,"lci","185",mythic,null,Owned,Non-foil,mainboard,false,,,"mono","",118194,false,false,"Lars Grant-West"
"Scavenging Ooze",2,"Creature - Ooze",G,"cmd","170",rare,null,Owned,Non-foil,mainboard,false,,,"mono","",40630,false,false,"Austin Hsu"
"Azusa, Lost but Seeking",3,"Legendary Creature - Human Monk",G,"j16","3",rare,null,Owned,Foil,mainboard,false,,,"mono","",-1,false,false,"Winona Nelson"
"Avenger of Zendikar",7,"Creature - Elemental",G,"wwk","96",mythic,null,Owned,Non-foil,mainboard,false,,,"mono","",35715,false,false,"Zoltan Boros & Gabor Szikszai"
"Rampaging Baloths",6,"Creature - Beast",G,"zen","178",mythic,null,Owned,Non-foil,mainboard,false,,,"mono","",34674,false,false,"Steve Prescott"
"Ripjaw Raptor",4,"Creature - Dinosaur",G,"xln","203",rare,null,Owned,Foil,mainboard,false,,,"mono","",65426,false,false,"Ryan Pancoast"
"Snapcaster Mage",2,"Creature - Human Wizard",U,"isd","78",rare,null,Owned,Non-foil,mainboard,false,,,"mono","",42512,false,false,"Volkan Baǵa"
"Counterspell",2,"Instant",U,"ss1","4",rare,null,Owned,Non-foil,mainboard,false,,,"mono","",-1,false,false,"Jason Chan"
"Grand Architect",3,"Creature - Vedalken Artificer",U,"som","33",rare,null,Owned,Non-foil,mainboard,false,,,"mono","",38193,false,false,"Steven Belledin"
"Hedron Crab",1,"Creature - Crab",U,"zen","47",uncommon,null,Owned,Non-foil,mainboard,false,,,"mono","",34460,false,false,"Jesper Ejsing"
"Think Twice",2,"Instant",U,"isd","83",common,null,Owned,Non-foil,mainboard,false,,,"mono","",42534,false,false,"Anthony Francisco"
"Roil Elemental",6,"Creature - Elemental",U,"zen","62",rare,null,Owned,Foil,mainboard,false,,,"mono","",34536,false,false,"Raymond Swanland"
"Emry, Lurker of the Loch",3,"Legendary Creature - Merfolk Wizard",UB,"eld","43",rare,null,Owned,Non-foil,mainboard,false,,"https://cards.scryfall.io/large/front/1/2/1287e69f-5e92-48f4-80de-d43cb5be21ce.jpg?1674066166","commander;draftEffect","Imotekh the Stormlord
River Kelpie
Looking for Group!
",78190,false,false,"Livia Prima"
"Twincast",2,"Instant",U,"10e","120",rare,null,Owned,Non-foil,mainboard,false,,,"mono","",27669,false,false,"Christopher Moeller"
"Spell Pierce",1,"Instant",U,"zen","67",common,null,Owned,Non-foil,mainboard,false,,,"mono","",34442,false,false,"Vance Kovacs"
"Arcanis the Omnipotent",6,"Legendary Creature - Wizard",U,"10e","66",rare,null,Owned,Foil,mainboard,false,,,"mono","",27516,false,false,"Justin Sweet"
"Etherium Sculptor",2,"Artifact Creature - Vedalken Artificer",U,"ala","42",common,null,Owned,Foil,mainboard,false,,,"mono","",31213,false,false,"Steven Belledin"
"Preordain",1,"Sorcery",U,"m11","70",common,null,Owned,Foil,mainboard,false,,,"mono","",37388,false,false,"Svetlin Velinov"
"Ponder",1,"Sorcery",U,"m10","68",common,null,Owned,Foil,mainboard,false,,,"mono","",32923,false,false,"Dan Murayama Scott"
"Brainstorm",1,"Instant",U,"plst","SS1-3",rare,null,Owned,Non-foil,mainboard,false,,,"mono","",-1,false,false,"Daarken"
"Thought Monitor",7,"Artifact Creature - Construct",U,"mh2","71",rare,null,Owned,Non-foil,mainboard,false,,,"mono","",90515,false,false,"Martina Pilcerova"
"Sharding Sphinx",6,"Artifact Creature - Sphinx",U,"ala","55",rare,null,Owned,Non-foil,mainboard,false,,,"mono","",30947,false,false,"Michael Bruinsma"
"Reveillark",5,"Creature - Elemental",W,"mor","22",rare,null,Owned,Non-foil,mainboard,false,,,"mono","",29048,false,false,"Jim Murray"
"Marionette Master",6,"Creature - Human Artificer",B,"kld","90",rare,null,Owned,Non-foil,mainboard,false,,,"mono","",61941,false,false,"James Ryman"
"Research Thief",5,"Artifact Creature - Moonfolk Wizard",U,"nec","16",rare,null,Owned,Non-foil,mainboard,false,,,"mono","",97780,false,false,"Cristi Balanescu"
"Sai, Master Thopterist",3,"Legendary Creature - Human Artificer",U,"m19","69",rare,null,Owned,Non-foil,mainboard,false,,,"mono","",68299,false,false,"Adam Paquette"
"Master Transmuter",4,"Artifact Creature - Human Artificer",U,"con","31",rare,null,Owned,Non-foil,mainboard,false,,,"mono","",31741,false,false,"Chippy"
"Astral Dragon",8,"Creature - Dragon",U,"clb","664",rare,null,Owned,Non-foil,mainboard,false,,,"mono","",101424,false,false,"Anastasia Ovchinnikova"
"Vedalken Archmage",4,"Creature - Vedalken Wizard",U,"mrd","55",rare,null,Owned,Non-foil,mainboard,false,,,"mono","",19819,false,false,"Kev Walker"
"Frantic Search",3,"Instant",U,"uma","57",common,null,Owned,Foil,mainboard,false,,,"mono","",70187,false,false,"Mitchell Malloy"
"Jace Beleren",3,"Legendary Planeswalker - Jace",U,"ss1","1",mythic,null,Owned,Non-foil,mainboard,false,,,"mono","",-1,false,false,"Aleksi Briclot"
"Cyberdrive Awakener",6,"Artifact Creature - Construct",U,"nec","12",rare,null,Owned,Non-foil,mainboard,false,,,"mono","",97772,false,false,"Zezhou Chen"
"Fact or Fiction",4,"Instant",U,"mh1","50",uncommon,null,Owned,Foil,mainboard,false,,,"mono","",72472,false,false,"Matt Cavotta"
"Urza, Lord High Artificer",4,"Legendary Creature - Human Artificer",U,"mh1","75",mythic,null,Owned,Foil,mainboard,false,,,"commander","",72522,false,false,"Grzegorz Rutkowski"
"Krark-Clan Ironworks",4,"Artifact",,"5dn","134",uncommon,null,Owned,Non-foil,mainboard,false,,,"mono","",20862,false,false,"Greg Hildebrandt"
"Strionic Resonator",2,"Artifact",,"c19","224",rare,null,Owned,Non-foil,mainboard,false,,,"mono","",77570,false,false,"Noah Bradley"
"Chromatic Star",1,"Artifact",,"tsp","251",common,null,Owned,Non-foil,mainboard,false,,,"mono","",25809,false,false,"Alex Horley-Orlandelli"
"Armillary Sphere",2,"Artifact",,"con","134",common,null,Owned,Non-foil,mainboard,false,,,"mono","",31937,false,false,"Franz Vohwinkel"
"Expedition Map",1,"Artifact",,"zen","201",common,null,Owned,Non-foil,mainboard,false,,,"mono","",34832,false,false,"Franz Vohwinkel"
"Liquimetal Coating",2,"Artifact",,"som","171",uncommon,null,Owned,Non-foil,mainboard,false,,,"mono","",38359,false,false,"Johann Bodin"
"Relic of Progenitus",1,"Artifact",,"ala","218",common,null,Owned,Non-foil,mainboard,false,,,"mono","",30895,false,false,"Jean-Sébastien Rossbach"
"Monastery Mentor",3,"Creature - Human Monk",W,"frf","20",mythic,null,Owned,Non-foil,mainboard,false,,,"mono","",55410,false,false,"Magali Villeneuve"
"Narset, Enlightened Exile",4,"Legendary Creature - Human Monk",RUW,"mat","38",mythic,null,Owned,Non-foil,mainboard,false,,,"commander","",109198,false,false,"Marie Magny"
"Bria, Riptide Rogue",4,"Legendary Creature - Otter Rogue",RU,"blb","379",mythic,null,Owned,Non-foil,mainboard,false,,,"commander","",128999,false,false,"Borja Pindado"
"Jace's Archivist",3,"Creature - Vedalken Wizard",U,"m12","59",rare,null,Owned,Non-foil,mainboard,false,,,"mono","",41487,false,false,"James Ryman"
"Three Steps Ahead",1,"Instant",U,"otj","75",rare,null,Owned,Non-foil,mainboard,false,,,"mono","",124061,false,false,"Francisco Miyara"
"Psychosis Crawler",5,"Artifact Creature - Phyrexian Horror",,"mbs","126",rare,null,Owned,Non-foil,mainboard,false,,,"mono","",39513,false,false,"Stephan Martiniere"
"Chasm Skulker",3,"Creature - Squid Horror",U,"m15","46",rare,null,Owned,Non-foil,mainboard,false,,,"mono","",53628,false,false,"Jack Wang"
"Chrome Host Seedshark",3,"Creature - Phyrexian Shark",U,"mom","51",rare,null,Owned,Foil,mainboard,false,,,"mono","",109916,false,false,"Donato Giancola"
"Merfolk Looter",2,"Creature - Merfolk Rogue",U,"m12","65",common,null,Owned,Foil,mainboard,false,,,"mono","",41243,false,false,"Austin Hsu"
"Forensic Gadgeteer",3,"Creature - Vedalken Artificer Detective",U,"mkm","57",rare,null,Owned,Non-foil,mainboard,false,,,"mono","",121600,false,false,"Volkan Baǵa"
"Flux Channeler",3,"Creature - Human Wizard",U,"war","52",uncommon,null,Owned,Non-foil,mainboard,false,,,"mono","",71710,false,false,"Heonhwa"
"Deepglow Skate",5,"Creature - Fish",U,"c16","7",rare,null,Owned,Non-foil,mainboard,false,,,"mono","",-1,false,false,"Jason Kang"
"Treachery",5,"Enchantment - Aura",U,"uds","50",rare,null,Owned,Non-foil,mainboard,false,,,"mono","",13039,false,false,"Matthew D. Wilson"
"Magic Damper",1,"Instant",U,"fin","61",common,null,Owned,Foil,mainboard,false,,,"mono","",141049,false,false,"YASUNARI HIRASAKA"
"Gitaxian Probe",1,"Sorcery",U,"nph","35",common,null,Owned,Non-foil,mainboard,false,,,"mono","",39976,false,false,"Chippy"
"Telling Time",2,"Instant",U,"rav","69",uncommon,null,Owned,Non-foil,mainboard,false,,,"mono","",23356,false,false,"Scott M. Fischer"
"Cackling Counterpart",3,"Instant",U,"isd","46",rare,null,Owned,Non-foil,mainboard,false,,,"mono","",42708,false,false,"David Rapoza"
"Behold the Multiverse",4,"Instant",U,"khm","46",common,null,Owned,Foil,mainboard,false,,,"mono","",87417,false,false,"Magali Villeneuve"
"Dream Halls",5,"Enchantment",U,"sth","28",rare,null,Owned,Non-foil,mainboard,false,,,"mono","",10175,false,false,"Matthew D. Wilson"
"Phantasmal Image",2,"Creature - Illusion",U,"m12","72",rare,null,Owned,Non-foil,mainboard,false,,,"mono","",41369,false,false,"Nils Hamm"
"Conjurer's Bauble",1,"Artifact",,"5dn","112",common,null,Owned,Non-foil,mainboard,false,,,"mono","",20714,false,false,"Darrell Riche"
"Greven, Predator Captain",5,"Legendary Creature - Phyrexian Human Warrior",BR,"c19","43",mythic,null,Owned,Foil,mainboard,false,,,"commander","",77140,false,false,"Zack Stella"
"Captain Howler, Sea Scourge",4,"Legendary Creature - Shark Pirate",RU,"dft","194",rare,null,Owned,Foil,mainboard,false,,,"commander","",136511,false,false,"Mirko Failoni"
"Mahadi, Emporium Master",3,"Legendary Creature - Devil",BR,"clb","282",uncommon,null,Owned,Foil,mainboard,false,,,"mono","",100602,false,false,"Ilse Gort"
"Commissar Severina Raine",3,"Legendary Creature - Human Soldier",BW,"40k","112",rare,null,Owned,Non-foil,mainboard,false,,,"commander","",108696,false,false,"Jake Murray"
"Elas il-Kor, Sadistic Pilgrim",2,"Legendary Creature - Phyrexian Kor Cleric",BW,"dmu","198",uncommon,null,Owned,Non-foil,mainboard,false,,,"mono","",102872,false,false,"G-host Lee"
"Kambal, Consul of Allocation",3,"Legendary Creature - Human Advisor",BW,"kld","183",rare,null,Owned,Non-foil,mainboard,false,,,"mono","",62037,false,false,"Vincent Proce"
"Elenda, the Dusk Rose",4,"Legendary Creature - Vampire Knight",BW,"rix","157",mythic,null,Owned,Non-foil,mainboard,false,,,"commander","",66767,false,false,"Chris Rahn"
"Mind Grind",2,"Sorcery",BU,"gtc","178",rare,null,Owned,Non-foil,mainboard,false,,,"mono","",47671,false,false,"Daarken"
"Niko, Light of Hope",4,"Legendary Creature - Human Wizard",UW,"dsk","224",mythic,null,Owned,Foil,mainboard,false,,"https://cards.scryfall.io/large/front/6/c/6c4e9cfe-e72e-46a1-a8d8-9fda5f2bae73.jpg?1631051773","commander;draftEffect","Niko Aris
Signature Spell",130579,false,false,"Aurore Folny"
"Deadeye Navigator",6,"Creature - Spirit",U,"avr","47",rare,null,Owned,Non-foil,mainboard,false,,,"mono","",43913,false,false,"Tomasz Jedruszek"
"Will, Scion of Peace",3,"Legendary Creature - Human Wizard",UW,"woe","218",mythic,null,Owned,Foil,mainboard,false,,"https://cards.scryfall.io/large/front/a/a/aaf91af0-0243-4dca-90de-d7580f4f9d38.jpg?1562929467","commander;draftEffect","Human Booster Pack, 4
Ivory Tower
Signature Spell
",116780,false,false,"Ryan Pancoast"
"Soul Warden",1,"Creature - Human Cleric",W,"mm3","24",common,null,Owned,Non-foil,mainboard,false,,,"mono","",63039,false,false,"Randy Gallegos"
"Archon of Redemption",5,"Creature - Archon",W,"wwk","3",rare,null,Owned,Non-foil,mainboard,false,,,"mono","",35673,false,false,"Steven Belledin"
"Soul's Attendant",1,"Creature - Human Cleric",W,"roe","44",common,null,Owned,Non-foil,mainboard,false,,,"human","",36462,false,false,"Steve Prescott"
"Serra Ascendant",1,"Creature - Human Monk",W,"m11","28",rare,null,Owned,Non-foil,mainboard,false,,,"mono","",37338,false,false,"Anthony Palumbo"
"Jin-Gitaxias, Core Augur",10,"Legendary Creature - Phyrexian Praetor",U,"nph","37",mythic,null,Owned,Foil,mainboard,false,,,"mono","",39708,false,false,"Eric Deschamps"
"Elesh Norn, Grand Cenobite",7,"Legendary Creature - Phyrexian Praetor",W,"nph","9",mythic,null,Owned,Foil,mainboard,false,,,"mono","",39712,false,false,"Igor Kieryluk"
"Ranger of Eos",4,"Creature - Human Soldier Ranger",W,"ala","21",rare,null,Owned,Non-foil,mainboard,false,,,"human","",30893,false,false,"Volkan Baǵa"
"Exploration",1,"Enchantment",G,"cns","164",rare,null,Owned,Foil,mainboard,false,,,"mono","",-1,false,false,"Florian de Gesincourt"
"Mycosynth Golem",11,"Artifact Creature - Golem",,"5dn","137",rare,null,Owned,Non-foil,mainboard,false,,,"mono","",20794,false,false,"Paolo Parente"
"Junk Diver",3,"Artifact Creature - Bird",,"cm2","195",rare,null,Owned,Non-foil,mainboard,false,,,"mono","",-1,false,false,"Eric Peterson"
"Myr Retriever",2,"Artifact Creature - Myr",,"mrd","215",uncommon,null,Owned,Non-foil,mainboard,false,,,"mono","",19813,false,false,"Trevor Hairsine"
"Gadrak, the Crown-Scourge",3,"Legendary Creature - Dragon",R,"m21","146",rare,null,Owned,Non-foil,mainboard,false,,,"mono","",81519,false,false,"Daarken"
"Willbreaker",5,"Creature - Human Wizard",U,"ori","84",rare,null,Owned,Non-foil,mainboard,false,,,"mono","",57774,false,false,"Dan Murayama Scott"
"Victory's Herald",6,"Creature - Angel",W,"mbs","18",rare,null,Owned,Non-foil,mainboard,false,,,"mono","",39307,false,false,"rk post"
"Council's Judgment",3,"Sorcery",W,"cns","16",rare,null,Owned,Non-foil,mainboard,false,,,"mono","",-1,false,false,"Kev Walker"
"Cyberman Patrol",2,"Artifact Creature - Cyberman",,"who","174",uncommon,null,Owned,Non-foil,mainboard,false,,,"mono","",-1,false,false,"Anton Solovianchyk"
"Academy Manufactor",3,"Artifact Creature - Assembly-Worker",,"mh2","219",rare,null,Owned,Non-foil,mainboard,false,,,"mono","",90819,false,false,"Campbell White"
"Burnished Hart",3,"Artifact Creature - Elk",,"ths","213",uncommon,null,Owned,Foil,mainboard,false,,,"mono","",50248,false,false,"Yeong-Hao Han"
"Bloodforged Battle-Axe",1,"Artifact - Equipment",,"c17","50",rare,null,Owned,Non-foil,mainboard,false,,,"mono","",73872,false,false,"Alayna Danner"
"Monument to Endurance",3,"Artifact",,"dft","237",rare,null,Owned,Non-foil,mainboard,false,,,"mono","",136597,false,false,"Victor Sales"
"Stridehangar Automaton",3,"Artifact Creature - Construct",,"drc","19",rare,null,Owned,Non-foil,mainboard,false,,,"mono","",137235,false,false,"Aaron J. Riley"
"Darksteel Forge",9,"Artifact",,"dst","110",rare,null,Owned,Non-foil,mainboard,false,,,"mono","",20543,false,false,"Martina Pilcerova"
"Nevinyrral's Disk",4,"Artifact",,"v10","11",mythic,null,Owned,Non-foil,mainboard,false,,,"mono","",37641,false,false,"Steve Argyle"
"Codsworth, Handy Helper",3,"Legendary Artifact Creature - Robot",W,"pip","14",rare,null,Owned,Non-foil,mainboard,false,,,"mono","",132275,false,false,"Alex Konstad"
"Sigarda's Aid",1,"Enchantment",W,"emn","41",rare,null,Owned,Non-foil,mainboard,false,,,"mono","",61282,false,false,"Howard Lyon"
"Elenda's Hierophant",3,"Creature - Vampire Cleric",W,"lcc","71",rare,null,Owned,Non-foil,mainboard,false,,,"mono","",119146,false,false,"Miranda Meeks"
"Buster Sword",3,"Artifact - Equipment",,"fin","255",mythic,null,Owned,Non-foil,mainboard,false,,,"mono","",141477,false,false,"Douzen"
"Stonehewer Giant",5,"Creature - Giant Warrior",W,"mor","24",rare,null,Owned,Non-foil,mainboard,false,,,"mono","",28978,false,false,"Steve Prescott"
"Excalibur, Sword of Eden",12,"Legendary Artifact - Equipment",,"acr","72",rare,null,Owned,Non-foil,mainboard,false,,,"mono","",128110,false,false,"Thanh Tuấn"
"Wand of Orcus",3,"Legendary Artifact - Equipment",B,"afc","28",rare,null,Owned,Non-foil,mainboard,false,,,"mono","",92542,false,false,"Andrew Mar"
"Scythe of the Wretched",2,"Artifact - Equipment",,"mrd","239",rare,null,Owned,Non-foil,mainboard,false,,,"mono","",20189,false,false,"Matt Cavotta"
"Caduceus, Staff of Hermes",3,"Legendary Artifact - Equipment",W,"acr","2",rare,null,Owned,Non-foil,mainboard,false,,,"mono","",127970,false,false,"Evan Shipard"
"Sword of the Animist",2,"Legendary Artifact - Equipment",,"ori","240",rare,null,Owned,Non-foil,mainboard,false,,,"mono","",58134,false,false,"Daniel Ljunggren"
"Silver Shroud Costume",2,"Artifact - Equipment",,"pip","142",uncommon,null,Owned,Non-foil,mainboard,false,,,"mono","",132533,false,false,"Zuzanna Wużyk"
"Lost Jitte",1,"Legendary Artifact - Equipment",,"big","23",mythic,null,Owned,Non-foil,mainboard,false,,,"mono","",125407,false,false,"Yeong-Hao Han"
"Blade of Selves",2,"Artifact - Equipment",,"c15","51",rare,null,Owned,Non-foil,mainboard,false,,,"mono","",-1,false,false,"Alan Pollack"
"Leering Emblem",2,"Artifact - Equipment",,"eve","171",rare,null,Owned,Non-foil,mainboard,false,,,"spawnedByDraftEffect","Elsha, Threefold Master",30216,false,false,"Ron Brown"
"Illusionist's Bracers",2,"Artifact - Equipment",,"gtc","231",rare,null,Owned,Non-foil,mainboard,false,,,"mono","",47925,false,false,"Svetlin Velinov"
"Basilisk Collar",1,"Artifact - Equipment",,"wwk","122",rare,null,Owned,Non-foil,mainboard,false,,,"mono","",35695,false,false,"Howard Lyon"
"Blackblade Reforged",2,"Legendary Artifact - Equipment",,"dom","211",rare,null,Owned,Non-foil,mainboard,false,,,"mono","",67887,false,false,"Chris Rahn"
"Stoneforge Masterwork",1,"Artifact - Equipment",,"ogw","166",rare,null,Owned,Non-foil,mainboard,false,,,"mono","",59589,false,false,"Ben Maier"
"Gift of Estates",2,"Sorcery",W,"c14","73",uncommon,null,Owned,Non-foil,mainboard,false,,,"mono","",55262,false,false,"Hugh Jamieson"
"Archaeomancer's Map",3,"Artifact",W,"c21","12",rare,null,Owned,Non-foil,mainboard,false,,,"mono","",89767,false,false,"Ovidio Cartagena"
"Land Tax",1,"Enchantment",W,"bbd","94",mythic,null,Owned,Non-foil,mainboard,false,,,"mono","",-1,false,false,"Chuck Lukacs"
"Smothering Tithe",4,"Enchantment",W,"rna","22",rare,null,Owned,Non-foil,mainboard,false,,,"mono","",71044,false,false,"Mark Behm"
"Felidar Retreat",4,"Enchantment",W,"znr","16",rare,null,Owned,Non-foil,mainboard,false,,,"mono","",82969,false,false,"Ralph Horsley"
"Charming Prince",2,"Creature - Human Noble",W,"eld","8",rare,null,Owned,Non-foil,mainboard,false,,,"mono","",78104,false,false,"Randy Vargas"
"Restoration Angel",4,"Creature - Angel",W,"avr","32",rare,null,Owned,Non-foil,mainboard,false,,,"mono","",44009,false,false,"Johannes Voss"
"Eerie Interlude",3,"Instant",W,"ddq","8",rare,null,Owned,Non-foil,mainboard,false,,,"mono","",-1,false,false,"Svetlin Velinov"
"Soulherder",3,"Creature - Spirit",UW,"mh1","214",uncommon,null,Owned,Non-foil,mainboard,false,,,"mono","",72800,false,false,"Seb McKinnon"
"Kykar, Zephyr Awakener",4,"Legendary Creature - Bird Wizard",UW,"fdn","122",rare,null,Owned,Foil,mainboard,false,,,"commander","",133812,false,false,"Dmitry Burmak"
"Displacer Kitten",4,"Creature - Cat Beast",U,"clb","63",rare,null,Owned,Non-foil,mainboard,false,,,"mono","",100124,false,false,"Campbell White"
"Turn to Mist",2,"Instant",UW,"shm","155",common,null,Owned,Foil,mainboard,false,,,"mono","",29807,false,false,"Greg Staples"
"Fiend Hunter",3,"Creature - Human Cleric",W,"isd","15",uncommon,null,Owned,Foil,mainboard,false,,,"mono","",42368,false,false,"Wayne Reynolds"
"Welcoming Vampire",3,"Creature - Vampire",W,"vow","46",rare,null,Owned,Non-foil,mainboard,false,,,"mono","",94392,false,false,"Lorenzo Mastroianni"
"Exemplar of Light",4,"Creature - Angel",W,"fdn","11",rare,null,Owned,Non-foil,mainboard,false,,,"mono","",133590,false,false,"Ekaterina Burmak"
"Keeper of the Accord",4,"Creature - Human Soldier",W,"cmr","27",rare,null,Owned,Foil,mainboard,false,,,"mono","",84836,false,false,"Denman Rooke"
"Serra Paragon",4,"Creature - Angel",W,"dmu","32",mythic,null,Owned,Non-foil,mainboard,false,,,"mono","",102540,false,false,"Heonhwa"
"Luminous Broodmoth",4,"Creature - Insect",W,"iko","21",mythic,null,Owned,Non-foil,mainboard,false,,,"mono","",80051,false,false,"Lie Setiawan"
"Odric, Lunarch Marshal",4,"Legendary Creature - Human Soldier",W,"soi","31",rare,null,Owned,Non-foil,mainboard,false,,,"mono","",59944,false,false,"Chase Stone"
"Odric, Master Tactician",4,"Legendary Creature - Human Soldier",W,"m13","23",rare,null,Owned,Foil,mainboard,false,,,"commander;draftEffect","Human Booster Pack, 8",45564,false,false,"Michael Komarck"
"Angel of Invention",5,"Creature - Angel",W,"kld","4",mythic,null,Owned,Non-foil,mainboard,false,,,"mono","",61887,false,false,"Volkan Baǵa"
"Archangel of Thune",5,"Creature - Angel",W,"m14","5",mythic,null,Owned,Non-foil,mainboard,false,,,"mono","",49395,false,false,"James Ryman"
"Celestine, the Living Saint",5,"Legendary Creature - Human Warrior",W,"40k","10",rare,null,Owned,Non-foil,mainboard,false,,,"commander","",108492,false,false,"Irina Nordsol"
"Sun Titan",6,"Creature - Giant",W,"m11","35",mythic,null,Owned,Non-foil,mainboard,false,,,"mono","",37406,false,false,"Todd Lockwood"
"Basri Ket",3,"Legendary Planeswalker - Basri",W,"m21","7",mythic,null,Owned,Non-foil,mainboard,false,,,"mono","",81241,false,false,"Kieran Yanner"
"Elspeth, Sun's Champion",6,"Legendary Planeswalker - Elspeth",W,"ths","9",mythic,null,Owned,Non-foil,mainboard,false,,,"mono","",50304,false,false,"Eric Deschamps"
"Restoration Magic",1,"Instant",W,"fin","30",uncommon,null,Owned,Non-foil,mainboard,false,,,"mono","",140981,false,false,"Yumi Yaoshida"
"Suture Priest",2,"Creature - Phyrexian Cleric",W,"nph","25",common,null,Owned,Non-foil,mainboard,false,,,"mono","",39766,false,false,"Igor Kieryluk"
"Loyal Warhound",2,"Creature - Dog",W,"afr","23",rare,null,Owned,Foil,mainboard,false,,,"mono","",91548,false,false,"Dmitry Burmak"
"The Wandering Emperor",4,"Legendary Planeswalker",W,"neo","42",mythic,null,Owned,Non-foil,mainboard,false,,,"human","",96998,false,false,"Tommy Arnold"
"Luminarch Ascension",2,"Enchantment",W,"zen","25",rare,null,Owned,Non-foil,mainboard,false,,,"mono","",34816,false,false,"Michael Komarck"
"Angelic Skirmisher",6,"Creature - Angel",W,"gtc","3",rare,null,Owned,Non-foil,mainboard,false,,,"mono","",47881,false,false,"David Rapoza"
"Emeria Shepherd",7,"Creature - Angel",W,"bfz","22",rare,null,Owned,Non-foil,mainboard,false,,,"mono","",58663,false,false,"Cynthia Sheppard"
"Godsend",3,"Legendary Artifact - Equipment",W,"jou","12",mythic,null,Owned,Non-foil,mainboard,false,,,"mono","",52136,false,false,"Daniel Ljunggren"
"Rise of the Dark Realms",9,"Sorcery",B,"fdn","323",mythic,null,Owned,Non-foil,mainboard,false,,,"mono","",133180,false,false,"Jorge Jacinto"
"Ruin Crab",1,"Creature - Crab",U,"znr","75",uncommon,null,Owned,Non-foil,mainboard,false,,,"mono","",83103,false,false,"Simon Dominic"
"Kels, Fight Fixer",4,"Legendary Creature - Azra Warlock",B,"jmp","15",rare,null,Owned,Non-foil,mainboard,false,,,"commander","",81777,false,false,"Magali Villeneuve"
"Mirror Entity",3,"Creature - Shapeshifter",W,"lrw","31",rare,null,Owned,Non-foil,mainboard,false,,,"mono","",28497,false,false,"Zoltan Boros & Gabor Szikszai"
"Sram's Expertise",4,"Sorcery",W,"aer","24",rare,null,Owned,Non-foil,mainboard,false,,,"mono","",62609,false,false,"Kieran Yanner"
"Board the Weatherlight",2,"Sorcery",W,"dom","8",uncommon,null,Owned,Foil,mainboard,false,,,"mono","",67481,false,false,"Tyler Jacobson"
"Recommission",2,"Sorcery",W,"bro","22",common,null,Owned,Foil,mainboard,false,,,"mono","",104662,false,false,"Andrew Mar"
"Marchesa, Dealer of Death",3,"Legendary Creature - Human Rogue",BRU,"otj","220",rare,null,Owned,Foil,mainboard,false,,"https://cards.scryfall.io/large/front/4/b/4bd9f45f-30b3-4bff-9fd3-9a71137ac741.jpg?1562912735","commander;draftEffect","Glasses of Urza
Signature Spell",124351,false,false,"Ryan Pancoast"
"Yannik, Scavenging Sentinel",4,"Legendary Creature - Hyena Beast",GWB,"c20","19",mythic,null,Owned,Foil,mainboard,false,,"https://cards.scryfall.io/large/front/0/0/00b9ac91-51e4-4653-ac2a-da166a894f2a.jpg?1591234210","commander;draftEffect","Nikara, Lair Scavenger",80761,false,false,"Grzegorz Rutkowski"
"Atla Palani, Nest Tender",4,"Legendary Creature - Human Shaman",GRW,"c19","38",mythic,null,Owned,Foil,mainboard,false,,"https://cards.scryfall.io/large/front/c/1/c1ab3225-64a9-411e-b22b-1869e958b8e5.jpg?1562881171","commander;draftEffect","Thornbite Staff
Signature Spell",77130,false,false,"Ekaterina Burmak"
"Ashnod's Altar",3,"Artifact",,"ema","218",uncommon,null,Owned,Non-foil,mainboard,false,,,"mono","",60963,false,false,"Greg Staples"
"Phyrexian Altar",3,"Artifact",,"uma","232",rare,null,Owned,Non-foil,mainboard,false,,,"mono","",70541,false,false,"Yigit Koroglu"
"Marionette Apprentice",2,"Creature - Human Artificer",B,"mh3","100",uncommon,null,Owned,Non-foil,mainboard,false,,,"mono","",126217,false,false,"Steve Ellis"
"Zulaport Cutthroat",2,"Creature - Human Rogue Ally",B,"bfz","126",uncommon,null,Owned,Non-foil,mainboard,false,,,"mono","",58401,false,false,"Jason Rainville"
"Endrek Sahr, Master Breeder",5,"Legendary Creature - Human Wizard",B,"mm2","82",rare,null,Owned,Foil,mainboard,false,,"https://cards.scryfall.io/large/front/b/f/bf2fe1f5-0df5-4126-b760-8f3fef9c2ccc.jpg?1726284135","commander;draftEffect","Into the Pit
Signature Spell",57500,false,false,"Mark Tedin"
"Phyrexian Delver",5,"Creature - Phyrexian Zombie",B,"moc","263",rare,null,Owned,Non-foil,mainboard,false,,,"mono","",110980,false,false,"Igor Kieryluk"
"Necron Deathmark",5,"Artifact Creature - Necron",B,"40k","42",rare,null,Owned,Non-foil,mainboard,false,,,"mono","",108556,false,false,"Games Workshop"
"Geth, Lord of the Vault",6,"Legendary Creature - Phyrexian Zombie",B,"som","64",mythic,null,Owned,Non-foil,mainboard,false,,,"mono","",38417,false,false,"Whit Brachna"
"Sepulchral Primordial",7,"Creature - Avatar",B,"gtc","75",rare,null,Owned,Non-foil,mainboard,false,,,"mono","",47915,false,false,"Stephan Martiniere"
"Vilis, Broker of Blood",8,"Legendary Creature - Demon",B,"m20","122",rare,null,Owned,Non-foil,mainboard,false,,,"mono","",73143,false,false,"Tyler Jacobson"
"Lotus Cobra",2,"Creature - Snake",G,"zen","168",mythic,null,Owned,Non-foil,mainboard,false,,,"mono","",34546,false,false,"Chippy"
"Birds of Paradise",1,"Creature - Bird",G,"rav","153",rare,null,Owned,Non-foil,mainboard,false,,,"mono","",23054,false,false,"Marcelo Vignali"
"Incubation Druid",2,"Creature - Elf Druid",G,"rna","131",rare,null,Owned,Non-foil,mainboard,false,,,"mono","",71262,false,false,"Daniel Ljunggren"
"Hardened Scales",1,"Enchantment",G,"ktk","133",rare,null,Owned,Non-foil,mainboard,false,,,"mono","",54406,false,false,"Mark Winters"
"Court of Garenbrig",3,"Enchantment",G,"woc","25",rare,null,Owned,Non-foil,mainboard,false,,,"mono","",117328,false,false,"Sam Guay"
"Bristly Bill, Spine Sower",2,"Legendary Creature - Plant Druid",G,"otj","157",mythic,null,Owned,Non-foil,mainboard,false,,,"mono","",124225,false,false,"Daniel Zrom"
"Arwen, Weaver of Hope",3,"Legendary Creature - Elf Noble",G,"ltc","35",rare,null,Owned,Non-foil,mainboard,false,,,"commander","",113102,false,false,"Axel Sauerwald"
"Cultivator of Blades",5,"Creature - Elf Artificer",G,"kld","151",rare,null,Owned,Foil,mainboard,false,,,"elf","",62023,false,false,"Bastien L. Deharme"
"Railway Brawler",5,"Creature - Rhino Warrior",G,"otj","175",mythic,null,Owned,Non-foil,mainboard,false,,,"mono","",124261,false,false,"Kevin Sidharta"
"Seedborn Muse",5,"Creature - Spirit",G,"10e","296",rare,null,Owned,Non-foil,mainboard,false,,,"mono","",27536,false,false,"Adam Rex"
"Kalonian Hydra",5,"Creature - Hydra",G,"m14","181",mythic,null,Owned,Non-foil,mainboard,false,,,"mono","",49349,false,false,"Chris Rahn"
"Elder Gargaroth",5,"Creature - Beast",G,"m21","179",mythic,null,Owned,Non-foil,mainboard,false,,,"mono","",81585,false,false,"Nicholas Gregory"
"Surrak and Goreclaw",6,"Legendary Creature - Human Bear",G,"mom","337",rare,null,Owned,Non-foil,mainboard,false,,,"mono","",109762,false,false,"Lucas Graciano"
"Quilled Greatwurm",6,"Creature - Wurm",G,"fdn","111",mythic,null,Owned,Non-foil,mainboard,false,,,"mono","",133790,false,false,"Michal Ivan"
"Garruk, Primal Hunter",5,"Legendary Planeswalker - Garruk",G,"m12","174",mythic,null,Owned,Non-foil,mainboard,false,,,"mono","",41371,false,false,"D. Alexander Gregory"
"Garruk Wildspeaker",4,"Legendary Planeswalker - Garruk",G,"lrw","213",rare,null,Owned,Non-foil,mainboard,false,,,"mono","",28453,false,false,"Aleksi Briclot"
"Samut, Voice of Dissent",5,"Legendary Creature - Human Warrior",GR,"akh","205",mythic,null,Owned,Non-foil,mainboard,false,,,"commander","",64012,false,false,"Aleksi Briclot"
"Klauth, Unrivaled Ancient",7,"Legendary Creature - Dragon",GR,"afc","50",mythic,null,Owned,Non-foil,mainboard,false,,,"commander","",-1,false,false,"Andrew Mar"
"Empty the Warrens",4,"Sorcery",R,"tsp","152",common,null,Owned,Foil,mainboard,false,,,"spawnedByDraftEffect","Mizzix of the Izmagnus",25535,false,false,"Mark Brill"
"Brightstone Ritual",1,"Instant",R,"ons","191",common,null,Owned,Non-foil,mainboard,false,,,"spawnedByDraftEffect","Mizzix of the Izmagnus",18035,false,false,"Wayne England"
"Crimson Wisps",1,"Instant",R,"shm","88",common,null,Owned,Non-foil,mainboard,false,,,"mono","",29449,false,false,"Jim Nelson"
"Might of the Meek",1,"Instant",R,"blb","144",common,null,Owned,Foil,mainboard,false,,,"mono","",129533,false,false,"Danny Schwartz"
"K'rrik, Son of Yawgmoth",7,"Legendary Creature - Phyrexian Horror Minion",B,"c19","18",rare,null,Owned,Non-foil,mainboard,false,,,"commander","",77090,false,false,"Chase Stone"
"Rowan, Scion of War",3,"Legendary Creature - Human Wizard",BR,"woe","211",mythic,null,Owned,Foil,mainboard,false,,"https://cards.scryfall.io/large/front/5/5/55cd09ef-1655-4a62-b6c5-6eda33d2607a.jpg?1562380871","commander;draftEffect","Soul Channeling
Signature Spell",116766,false,false,"Magali Villeneuve"
"Toxic Deluge",3,"Sorcery",B,"c13","96",rare,null,Owned,Non-foil,mainboard,false,,,"mono","",51366,false,false,"Svetlin Velinov"
"Black Waltz No. 3",4,"Legendary Creature - Wizard",BR,"fin","214",uncommon,null,Owned,Foil,mainboard,false,,,"mono","",141375,false,false,"Lordigan"
"Chainer, Nightmare Adept",4,"Legendary Creature - Human Minion",BR,"c19","39",mythic,null,Owned,Non-foil,mainboard,false,,,"commander","",77132,false,false,"Steve Prescott"
"Judith, Carnage Connoisseur",5,"Legendary Creature - Human Shaman",BR,"mkm","210",rare,null,Owned,Foil,mainboard,false,,"https://cards.scryfall.io/large/front/b/e/bec748e6-7245-4a71-aeee-cefed8346948.jpg?1643591154","commander;draftEffect","Chain Reaction
End the Festivities
Smash to Dust
Scouring Sands",121894,false,false,"Jodie Muir"
"Karazikar, the Eye Tyrant",5,"Legendary Creature - Beholder",BR,"afc","49",mythic,null,Owned,Non-foil,mainboard,false,,,"commander","",-1,false,false,"Jason A. Engle"
"Rakdos, the Muscle",5,"Legendary Creature - Demon Mercenary",BR,"otj","226",mythic,null,Owned,Non-foil,mainboard,false,,,"commander","",124363,false,false,"Victor Maury"
"Defiler of Flesh",4,"Creature - Phyrexian Horror",B,"dmu","90",rare,null,Owned,Foil,mainboard,false,,,"mono","",102656,false,false,"Mathias Kollros"
"Sygg, River Cutthroat",2,"Legendary Creature - Merfolk Rogue",BU,"shm","176",rare,null,Owned,Non-foil,mainboard,false,,,"commander","",29525,false,false,"Jeremy Enecio"
"Baral and Kari Zev",3,"Legendary Creature - Human",RU,"mom","302",rare,null,Owned,Foil,mainboard,false,,,"commander","",109524,false,false,"Magali Villeneuve"
"Jhoira, Ageless Innovator",2,"Legendary Creature - Human Artificer",RU,"dmu","202",rare,null,Owned,Foil,mainboard,false,,,"commander","",102880,false,false,"Justyna Dura"
"Ishai, Ojutai Dragonspeaker",4,"Legendary Creature - Bird Monk",UW,"cm2","12",mythic,null,Owned,Foil,mainboard,false,,,"commander","",-1,false,false,"Zack Stella"
"Steel of the Godhead",3,"Enchantment - Aura",UW,"shm","150",common,null,Owned,Non-foil,mainboard,false,,,"mono","",29881,false,false,"Jason Chan"
"Elvish Promenade",4,"Kindred Sorcery - Elf",G,"lrw","208",uncommon,null,Owned,Non-foil,mainboard,false,,,"elf","",28365,false,false,"Steve Ellis"
"Leaf-Crowned Visionary",2,"Creature - Elf Druid",G,"dmu","167",rare,null,Owned,Non-foil,mainboard,false,,,"elf","",102810,false,false,"Anna Steinbauer"
"Wolverine Riders",6,"Creature - Elf Warrior",G,"khc","14",rare,null,Owned,Non-foil,mainboard,false,,,"elf","",88171,false,false,"Jesper Ejsing"
"Elvish Piper",4,"Creature - Elf Shaman",G,"a25","168",rare,null,Owned,Non-foil,mainboard,false,,,"mono","",67250,false,false,"Rebecca Guay"
"Priest of Titania",2,"Creature - Elf Druid",G,"mh3","286",uncommon,null,Owned,Non-foil,mainboard,false,,,"elf","",125983,false,false,"Rebecca Guay"
"Glimpse of Nature",1,"Sorcery",G,"chk","210",rare,null,Owned,Non-foil,mainboard,false,,,"mono","",21105,false,false,"Shishizaru"
"Parallel Lives",4,"Enchantment",G,"isd","199",rare,null,Owned,Non-foil,mainboard,false,,,"mono","",42790,false,false,"Steve Prescott"
"Goblin Chieftain",3,"Creature - Goblin",R,"m10","139",rare,null,Owned,Non-foil,mainboard,false,,,"goblin","",32813,false,false,"Sam Wood"
"Goblin King",3,"Creature - Goblin",R,"10e","207",rare,null,Owned,Non-foil,mainboard,false,,,"goblin","",27398,false,false,"Ron Spears"
"Warren Instigator",2,"Creature - Goblin Berserker",R,"zen","154",mythic,null,Owned,Non-foil,mainboard,false,,,"goblin","",34642,false,false,"Andrew Robinson"
"Goblin Lackey",1,"Creature - Goblin",R,"v09","5",mythic,null,Owned,Non-foil,mainboard,false,,,"goblin","",33928,false,false,"Christopher Moeller"
"Goblin Trashmaster",4,"Creature - Goblin Warrior",R,"m19","144",rare,null,Owned,Non-foil,mainboard,false,,,"goblin","",68449,false,false,"Jakub Kasper"
"Hobgoblin Bandit Lord",3,"Creature - Goblin Rogue",R,"afr","147",rare,null,Owned,Non-foil,mainboard,false,,,"goblin","",91796,false,false,"Mark Zug"
"Goblin Lookout",2,"Creature - Goblin",R,"lgn","101",common,null,Owned,Non-foil,mainboard,false,,,"goblin","",18427,false,false,"Jim Nelson"
"Krenko, Baron of Tin Street",3,"Legendary Creature - Goblin",R,"mkm","135",rare,null,Owned,Foil,mainboard,false,,,"goblin","",121748,false,false,"Brian Valeza"
"Deekah, Fractal Theorist",5,"Legendary Creature - Human Wizard",U,"c21","26",rare,null,Owned,Non-foil,mainboard,false,,,"mono","",89795,false,false,"Donato Giancola"
"Poppet Stitcher",3,"Creature - Human Wizard",U,"mid","71",mythic,null,Owned,Non-foil,mainboard,false,,,"mono","",93086,false,false,"Simon Dominic"
"Chulane, Teller of Tales",5,"Legendary Creature - Human Druid",GUW,"plst","ELD-326",mythic,null,Owned,Non-foil,mainboard,false,,,"commander","",-1,false,false,"Victor Adame Minguez"
"Thalia and The Gitrog Monster",4,"Legendary Creature - Human Frog Horror",BGW,"mom","255",mythic,null,Owned,Non-foil,mainboard,false,,,"commander","",110424,false,false,"Howard Lyon"
"Animar, Soul of Elements",3,"Legendary Creature - Elemental",GRU,"ocmd","181",mythic,null,Owned,Non-foil,mainboard,false,,,"commander","",-1,false,false,"Peter Mohrbacher"
"Halana and Alena, Partners",4,"Legendary Creature - Human Ranger",GR,"vow","239",rare,null,Owned,Non-foil,mainboard,false,,,"commander","",94854,false,false,"Jason Rainville"
"Tana, the Bloodsower",4,"Legendary Creature - Elf Druid",GR,"c16","45",mythic,null,Owned,Non-foil,mainboard,false,,,"commander","",-1,false,false,"Magali Villeneuve"
"Ruric Thar, the Unbowed",6,"Legendary Creature - Ogre Warrior",GR,"dgm","99",rare,null,Owned,Foil,mainboard,false,,,"commander","",48222,false,false,"Tyler Jacobson"
"Lathiel, the Bounteous Dawn",4,"Legendary Creature - Unicorn",GW,"cmr","285",rare,null,Owned,Foil,mainboard,false,,,"commander;draftEffect","Well of Lost Dreams",85352,false,false,"Lucas Graciano"
"Dragonlord Dromoka",6,"Legendary Creature - Elder Dragon",GW,"dtk","217",mythic,null,Owned,Non-foil,mainboard,false,,,"commander","",55992,false,false,"Eric Deschamps"
"Sigarda, Font of Blessings",4,"Legendary Creature - Angel",GW,"mat","47",rare,null,Owned,Non-foil,mainboard,false,,"https://cards.scryfall.io/large/front/0/d/0dffd473-2b89-4f74-8bff-39b8eb408b26.jpg?1591319133","commander;draftEffect","Human Booster Pack, 6",109216,false,false,"Justyna Dura"
"Shield of the Oversoul",3,"Enchantment - Aura",GW,"shm","242",common,null,Owned,Non-foil,mainboard,false,,,"mono","",29827,false,false,"Steven Belledin"
"Gift of Orzhova",3,"Enchantment - Aura",BW,"gtc","219",uncommon,null,Owned,Non-foil,mainboard,false,,,"mono","",47591,false,false,"Johannes Voss"
"Leyline Immersion",4,"Enchantment - Aura",G,"mat","21",rare,null,Owned,Foil,mainboard,false,,,"mono","",109164,false,false,"Wisnu Tan"
"Rancor",1,"Enchantment - Aura",G,"gvl","15",common,null,Owned,Non-foil,mainboard,false,,,"mono","",-1,false,false,"Kev Walker"
"Next of Kin",3,"Enchantment - Aura",G,"ncc","62",rare,null,Owned,Non-foil,mainboard,false,,,"mono","",-1,false,false,"Andreas Zafiratos"
"One with the Kami",4,"Enchantment - Aura",G,"nec","27",rare,null,Owned,Non-foil,mainboard,false,,,"mono","",97802,false,false,"Justyna Dura"
"All That Glitters",2,"Enchantment - Aura",W,"eld","2",uncommon,null,Owned,Foil,mainboard,false,,,"mono","",78090,false,false,"Iain McCaig"
"Ossification",2,"Enchantment - Aura",W,"one","26",uncommon,null,Owned,Foil,mainboard,false,,,"mono","",106267,false,false,"Nino Vecia"
"Gift of Immortality",3,"Enchantment - Aura",W,"ths","14",rare,null,Owned,Non-foil,mainboard,false,,,"mono","",50374,false,false,"Matt Stewart"
"Pollenbright Wings",6,"Enchantment - Aura",GW,"rav","219",uncommon,null,Owned,Non-foil,mainboard,false,,,"mono","",23394,false,false,"Terese Nielsen"
"Arabella, Abandoned Doll",2,"Legendary Artifact Creature - Toy",RWB,"dsk","208",uncommon,null,Owned,Foil,mainboard,false,,"https://cards.scryfall.io/large/front/3/2/32d4a3f9-c73f-4f1e-a9e2-ef4eb7cb1e1e.jpg?1708743927","commander;draftEffect","MacCready, Lamplight Mayor
Looking for Group!",130547,false,false,"J.P. Targete"
"Taii Wakeen, Perfect Shot",2,"Legendary Creature - Human Mercenary",RW,"otj","234",rare,null,Owned,Foil,mainboard,false,,"https://cards.scryfall.io/large/front/3/a/3adc0288-acdf-4a99-9bfb-919cae1aeb69.jpg?1591227065","commander;draftEffect","Tectonic Hazard
Signature Spell
Blazing Volley",124379,false,false,"David Auden Nash"
"Delayed Blast Fireball",3,"Instant",R,"clb","676",rare,null,Owned,Non-foil,mainboard,false,,,"mono","",101448,false,false,"Andreas Zafiratos"
"Rodeo Pyromancers",4,"Creature - Human Mercenary",R,"otj","143",common,null,Owned,Foil,mainboard,false,,,"mono","",124197,false,false,"Kim Sokol"
"Coruscation Mage",2,"Creature - Otter Wizard",R,"blb","131",uncommon,null,Owned,Non-foil,mainboard,false,,,"mono","",129507,false,false,"Gaboleps"
"Chandra's Incinerator",6,"Creature - Elemental",R,"m21","136",rare,null,Owned,Non-foil,mainboard,false,,,"mono","",81499,false,false,"Craig J Spearing"
"Thornbite Staff",2,"Kindred Artifact - Shaman Equipment",,"mor","145",uncommon,null,Owned,Non-foil,mainboard,false,,,"spawnedByDraftEffect","Atla Palani",29122,false,false,"Jesper Ejsing"
"End the Festivities",1,"Sorcery",R,"vow","155",common,null,Owned,Non-foil,mainboard,false,,,"spawnedByDraftEffect","",94648,false,false,"Chris Rallis"
"Tectonic Hazard",1,"Sorcery",R,"lci","169",common,null,Owned,Foil,mainboard,false,,,"spawnedByDraftEffect","",118162,false,false,"Jarel Threat"
"Aegis of the Legion",2,"Artifact - Equipment",RW,"clu","22",rare,null,Owned,Non-foil,mainboard,false,,,"spawnedByDraftEffect","Wyleth, Soul of Steel",123352,false,false,"Alexandre Honoré"
"Soul Channeling",3,"Enchantment - Aura",B,"mmq","163",common,null,Owned,Non-foil,mainboard,false,,,"spawnedByDraftEffect","",13183,false,false,"DiTerlizzi"
"Nikara, Lair Scavenger",3,"Legendary Creature - Human Cleric",BWG,"c20","3",mythic,null,Owned,Foil,mainboard,false,,,"spawnedByDraftEffect","Yannik, Scavenging Sentinel",80729,false,false,"Grzegorz Rutkowski"
"Brallin, Skyshark Rider",4,"Legendary Creature - Human Shaman",RUW,"c20","4",mythic,null,Owned,Non-foil,mainboard,false,,,"spawnedByDraftEffect","Shabraz, the Skyshark",80731,false,false,"Paul Scott Canavan"
"Haldan, Avid Arcanist",3,"Legendary Creature - Human Wizard",URG,"c20","2",mythic,null,Owned,Foil,mainboard,false,,,"spawnedByDraftEffect","Pako, Arcane Retriever",80727,false,false,"Manuel Castañón"
"Niko Aris",3,"Legendary Planeswalker - Niko",UW,"khm","225",mythic,null,Owned,Foil,mainboard,false,,,"spawnedByDraftEffect","",87793,false,false,"Winona Nelson"
"Blazing Volley",1,"Sorcery",R,"akh","119",common,null,Owned,Foil,mainboard,false,,,"spawnedByDraftEffect","",63840,false,false,"Zezhou Chen"
"Scalding Tarn",0,"Land",,"zen","223",rare,null,Owned,Non-foil,mainboard,false,,,"land","",34590,false,false,"Philip Straub"
"Flooded Strand",0,"Land",,"ktk","233",rare,null,Owned,Non-foil,mainboard,false,,,"land","",54194,false,false,"Andreas Rocha"
"Polluted Delta",0,"Land",,"ktk","239",rare,null,Owned,Foil,mainboard,false,,,"land","",54196,false,false,"Vincent Proce"
"Bloodstained Mire",0,"Land",,"ktk","230",rare,null,Owned,Non-foil,mainboard,false,,,"land","",54198,false,false,"Daarken"
"Wooded Foothills",0,"Land",,"ktk","249",rare,null,Owned,Foil,mainboard,false,,,"land","",54200,false,false,"Jonas De Ro"
"Windswept Heath",0,"Land",,"ktk","248",rare,null,Owned,Foil,mainboard,false,,,"land","",54202,false,false,"Yeong-Hao Han"
"Marsh Flats",0,"Land",,"zen","219",rare,null,Owned,Foil,mainboard,false,,,"land","",34646,false,false,"Izzy"
"Verdant Catacombs",0,"Land",,"zen","229",rare,null,Owned,Foil,mainboard,false,,,"land","",34704,false,false,"Vance Kovacs"
"Arid Mesa",0,"Land",,"zen","211",rare,null,Owned,Non-foil,mainboard,false,,,"land","",34414,false,false,"Raymond Swanland"
"Misty Rainforest",0,"Land",,"zen","220",rare,null,Owned,Foil,mainboard,false,,,"land","",34622,false,false,"Shelly Wan"
"Mystic Gate",0,"Land",UW,"shm","277",rare,null,Owned,Non-foil,mainboard,false,,,"land","",29493,false,false,"Fred Fields"
"Sunken Ruins",0,"Land",BU,"shm","280",rare,null,Owned,Foil,mainboard,false,,,"land","",29479,false,false,"Warren Mahy"
"Graven Cairns",0,"Land",BR,"shm","272",rare,null,Owned,Foil,mainboard,false,,,"land","",29511,false,false,"Rob Alexander"
"Fire-Lit Thicket",0,"Land",GR,"shm","271",rare,null,Owned,Foil,mainboard,false,,,"land","",29501,false,false,"Ralph Horsley"
"Wooded Bastion",0,"Land",GW,"shm","281",rare,null,Owned,Foil,mainboard,false,,,"land","Added from package "Filter Lands": cubecobra.com/packages/607520dc21ee3e103f64aa49",29495,false,false,"Christopher Moeller"
"Fetid Heath",0,"Land",BW,"eve","176",rare,null,Owned,Non-foil,mainboard,false,,,"land","",30114,false,false,"Daarken"
"Cascade Bluffs",0,"Land",RU,"eve","175",rare,null,Owned,Non-foil,mainboard,false,,,"land","",30096,false,false,"Brandon Kitkouski"
"Twilight Mire",0,"Land",BG,"eve","180",rare,null,Owned,Non-foil,mainboard,false,,,"land","",30084,false,false,"Rob Alexander"
"Rugged Prairie",0,"Land",RW,"eve","178",rare,null,Owned,Non-foil,mainboard,false,,,"land","",30098,false,false,"Fred Fields"
"Flooded Grove",0,"Land",GU,"eve","177",rare,null,Owned,Foil,mainboard,false,,,"land","",30136,false,false,"Dave Kendall"
"Steam Vents",0,"Land - Island Mountain",RU,"gpt","164",rare,null,Owned,Non-foil,mainboard,false,,,"land","",23739,false,false,"Rob Alexander"
"Godless Shrine",0,"Land - Plains Swamp",BW,"gpt","157",rare,null,Owned,Non-foil,mainboard,false,,,"land","",23755,false,false,"Rob Alexander"
"Hallowed Fountain",0,"Land - Plains Island",UW,"dis","174",rare,null,Owned,Non-foil,mainboard,false,,,"land","Added from package "Shocklands": cubecobra.com/packages/e3fd8469-e67a-4844-92c5-933bb3dd54fc",24001,false,false,"Rob Alexander"
"Blood Crypt",0,"Land - Swamp Mountain",BR,"dis","171",rare,null,Owned,Foil,mainboard,false,,,"land","",24053,false,false,"Rob Alexander"
"Temple Garden",0,"Land - Forest Plains",GW,"rav","284",rare,null,Owned,Foil,mainboard,false,,,"land","",23594,false,false,"Rob Alexander"
"Breeding Pool",0,"Land - Forest Island",GU,"dis","172",rare,null,Owned,Foil,mainboard,false,,,"land","",24029,false,false,"Rob Alexander"
"Watery Grave",0,"Land - Island Swamp",BU,"grn","259",rare,null,Owned,Non-foil,mainboard,false,,,"land","",69931,false,false,"Cliff Childs"
"Stomping Ground",0,"Land - Mountain Forest",GR,"gpt","165",rare,null,Owned,Foil,mainboard,false,,,"land","",23709,false,false,"Rob Alexander"
"Sacred Foundry",0,"Land - Mountain Plains",RW,"rav","280",rare,null,Owned,Foil,mainboard,false,,,"land","",23590,false,false,"Rob Alexander"
"Overgrown Tomb",0,"Land - Swamp Forest",BG,"rtr","243",rare,null,Owned,Non-foil,mainboard,false,,,"land","",46507,false,false,"Steven Belledin"
"Hinterland Harbor",0,"Land",GU,"isd","241",rare,null,Owned,Non-foil,mainboard,false,,,"land","",42670,false,false,"Karl Kopinski"
"Clifftop Retreat",0,"Land",RW,"isd","238",rare,null,Owned,Foil,mainboard,false,,,"land","",42654,false,false,"John Avon"
"Woodland Cemetery",0,"Land",BG,"isd","249",rare,null,Owned,Non-foil,mainboard,false,,,"land","",42660,false,false,"Lars Grant-West"
"Sulfur Falls",0,"Land",RU,"isd","248",rare,null,Owned,Non-foil,mainboard,false,,,"land","",42668,false,false,"Cliff Childs"
"Isolated Chapel",0,"Land",BW,"isd","242",rare,null,Owned,Foil,mainboard,false,,,"land","",42652,false,false,"Cliff Childs"
"Rootbound Crag",0,"Land",GR,"m12","228",rare,null,Owned,Foil,mainboard,false,,,"land","",41219,false,false,"Matt Stewart"
"Sunpetal Grove",0,"Land",GW,"m12","229",rare,null,Owned,Non-foil,mainboard,false,,,"land","",41229,false,false,"Jason Chan"
"Dragonskull Summit",0,"Land",BR,"m12","225",rare,null,Owned,Non-foil,mainboard,false,,,"land","",41227,false,false,"Jon Foster"
"Drowned Catacomb",0,"Land",BU,"m12","226",rare,null,Owned,Non-foil,mainboard,false,,,"land","",41221,false,false,"Dave Kendall"
"Glacial Fortress",0,"Land",UW,"m10","226",rare,null,Owned,Non-foil,mainboard,false,,,"land","",32817,false,false,"Franz Vohwinkel"
"Temple of Enlightenment",0,"Land",UW,"nec","180",rare,null,Owned,Non-foil,mainboard,false,,,"land","",-1,false,false,"Piotr Dura"
"Temple of Deceit",0,"Land",BU,"ths","225",rare,null,Owned,Non-foil,mainboard,false,,,"land","",50264,false,false,"Raymond Swanland"
"Temple of Malice",0,"Land",BR,"dmc","236",rare,null,Owned,Non-foil,mainboard,false,,,"land","",103362,false,false,"Jonas De Ro"
"Temple of Abandon",0,"Land",GR,"thb","244",rare,null,Owned,Foil,mainboard,false,,,"land","",79612,false,false,"Adam Paquette"
"Temple of Plenty",0,"Land",GW,"thb","248",rare,null,Owned,Foil,mainboard,false,,,"land","",79620,false,false,"Chris Ostrowski"
"Temple of Silence",0,"Land",BW,"ths","227",rare,null,Owned,Non-foil,mainboard,false,,,"land","",50268,false,false,"Karl Kopinski"
"Temple of Epiphany",0,"Land",RU,"m21","252",rare,null,Owned,Foil,mainboard,false,,,"land","",81731,false,false,"Adam Paquette"
"Temple of Malady",0,"Land",BG,"c21","323",rare,null,Owned,Non-foil,mainboard,false,,,"land","",89751,false,false,"Titus Lunter"
"Temple of Triumph",0,"Land",RW,"m20","257",rare,null,Owned,Foil,mainboard,false,,,"land","",73413,false,false,"Piotr Dura"
"Temple of Mystery",0,"Land",GU,"m20","255",rare,null,Owned,Foil,mainboard,false,,,"land","",73409,false,false,"Piotr Dura"
"Archway of Innovation",0,"Land",,"mh3","214",rare,null,Owned,Non-foil,mainboard,false,,,"land","",126447,false,false,"Yeong-Hao Han"
"Bojuka Bog",0,"Land",,"wwk","132",common,null,Owned,Non-foil,mainboard,false,,,"land","",35515,false,false,"Howard Lyon"
"Command Beacon",0,"Land",,"c15","56",rare,null,Owned,Foil,mainboard,false,,,"land","",-1,false,false,"Jonas De Ro"
"Command Tower",0,"Land",,"cmd","269",common,null,Owned,Non-foil,mainboard,false,,,"land","",40656,false,false,"Ryan Yee"
"City of Brass",0,"Land",,"mma","221",rare,null,Owned,Non-foil,mainboard,false,,,"land","",48876,false,false,"Jung Park"
"Cabal Coffers",0,"Land",,"mh2","301",mythic,null,Owned,Foil,mainboard,false,,,"land","",91029,false,false,"Don Hazeltine"
"Eiganjo, Seat of the Empire",0,"Legendary Land",,"neo","268",rare,null,Owned,Non-foil,mainboard,false,,,"land","",97486,false,false,"Julian Kok Joon Wen"
"Emeria, the Sky Ruin",0,"Land",,"zen","213",rare,null,Owned,Foil,mainboard,false,,,"land","",34624,false,false,"Jaime Jones"
"Evolving Wilds",0,"Land",,"f12","10",rare,null,Owned,Foil,mainboard,false,,,"land","",-1,false,false,"Sam Burley"
"Fabled Passage",0,"Land",,"eld","244",rare,null,Owned,Non-foil,mainboard,false,,,"land","",78634,false,false,"Howard Lyon"
"Flamekin Village",0,"Land",,"c14","60",rare,null,Owned,Non-foil,mainboard,false,,,"land","",54679,false,false,"Ron Spears"
"Minamo, School at Water's Edge",0,"Legendary Land",,"chk","279",rare,null,Owned,Non-foil,mainboard,false,,,"land","",21385,false,false,"Jeremy Jarvis"
"Mystic Sanctuary",0,"Land - Island",,"eld","247",common,null,Owned,Non-foil,mainboard,false,,,"land","",78640,false,false,"Randy Vargas"
"Oran-Rief, the Vastwood",0,"Land",,"zen","221",rare,null,Owned,Non-foil,mainboard,false,,,"land","",34626,false,false,"Mike Bierek"
"Phyrexian Tower",0,"Legendary Land",,"uma","248",rare,null,Owned,Non-foil,mainboard,false,,,"land","",70573,false,false,"Dimitar Marinski"
"Path of Ancestry",0,"Land",,"c17","56",common,null,Owned,Non-foil,mainboard,false,,,"land","",73884,false,false,"Alayna Danner"
"Prismatic Vista",0,"Land",,"mh1","244",rare,null,Owned,Non-foil,mainboard,false,,,"land","",72860,false,false,"Sam Burley"
"Reliquary Tower",0,"Land",,"con","143",uncommon,null,Owned,Non-foil,mainboard,false,,,"land","",31935,false,false,"Jesper Ejsing"
"Shinka, the Bloodsoaked Keep",0,"Legendary Land",,"chk","282",rare,null,Owned,Non-foil,mainboard,false,,,"land","",21349,false,false,"Thomas M. Baxa"
"Shizo, Death's Storehouse",0,"Legendary Land",,"plst","CHK-283",rare,null,Owned,Foil,mainboard,false,,,"land","",-1,false,false,"John Matson"
"Spinerock Knoll",0,"Land",,"lrw","274",rare,null,Owned,Non-foil,mainboard,false,,,"land","",28343,false,false,"Steve Prescott"
"Spymaster's Vault",0,"Land",,"mh3","230",rare,null,Owned,Non-foil,mainboard,false,,,"land","",126479,false,false,"David Álvarez"
"Takenuma, Abandoned Mire",0,"Legendary Land",,"neo","278",rare,null,Owned,Non-foil,mainboard,false,,,"land","",97506,false,false,"Sam Burley"
"Tectonic Edge",0,"Land",,"wwk","145",uncommon,null,Owned,Non-foil,mainboard,false,,,"land","",35589,false,false,"Vincent Proce"
"Vault of Whispers",0,"Artifact Land",,"mrd","286",common,null,Owned,Non-foil,mainboard,false,,,"land","",20019,false,false,"Rob Alexander"
"Windbrisk Heights",0,"Land",,"lrw","281",rare,null,Owned,Non-foil,mainboard,false,,,"land","",28621,false,false,"Omar Rayyan"
"Demolition Field",0,"Land",,"bro","260",uncommon,null,Owned,Foil,mainboard,false,,,"land","",105144,false,false,"Kamila Szutenberg"
"Tolarian Academy",0,"Legendary Land",,"usg","330",rare,null,Owned,Non-foil,mainboard,false,,,"land","",11931,false,false,"Stephen Daniele"
"Ishgard, the Holy See",0,"Land - Town",,"fin","283",rare,null,Owned,Non-foil,mainboard,false,,,"land","",141535,false,false,"KOHEI YAMADA"
"Kher Keep",0,"Legendary Land",,"c13","303",rare,null,Owned,Non-foil,mainboard,false,,,"land","",51518,false,false,"Paolo Parente"
"Lindblum, Industrial Regency",0,"Land - Town",,"fin","285",rare,null,Owned,Non-foil,mainboard,false,,,"land","",141543,false,false,"Piotr Dura"
"Minas Tirith",0,"Legendary Land",,"ltr","256",rare,null,Owned,Non-foil,mainboard,false,,,"land","",112422,false,false,"Arthur Yuan"
"Myriad Landscape",0,"Land",,"c14","61",uncommon,null,Owned,Non-foil,mainboard,false,,,"land","",55187,false,false,"Richard Wright"
"Shifting Woodland",0,"Land",,"mh3","228",rare,null,Owned,Non-foil,mainboard,false,,,"land","",126475,false,false,"Josu Hernaiz"
"Three Tree City",0,"Legendary Land",,"blb","260",rare,null,Owned,Non-foil,mainboard,false,,,"land","",129765,false,false,"Grady Frederick"
"Tomb Fortress",0,"Land",,"40k","168",rare,null,Owned,Non-foil,mainboard,false,,,"land","",108808,false,false,"Josu Solano"
"Yavimaya, Cradle of Growth",0,"Legendary Land",,"mh2","441",rare,null,Owned,Non-foil,mainboard,false,,,"land","",91155,false,false,"Sarah Finnigan"
"Urborg, Tomb of Yawgmoth",0,"Legendary Land",,"tsr","287",rare,null,Owned,Foil,mainboard,false,,,"land","",86949,false,false,"John Avon"
"Yavimaya Hollow",0,"Legendary Land",,"vma","325",rare,null,Owned,Foil,mainboard,false,,,"land","",52817,false,false,"Douglas Shuler"
"Witch's Clinic",0,"Land",,"c21","81",rare,null,Owned,Non-foil,mainboard,false,,,"land","",89905,false,false,"Piotr Dura"
"Chancellor of the Forge",7,"Creature - Phyrexian Giant",R,"nph","81",rare,null,Owned,Non-foil,mainboard,false,,,"mono","",39816,false,false,"Chippy"
"Goblinslide",3,"Enchantment",R,"ktk","109",uncommon,null,Owned,Foil,mainboard,false,,,"goblin","",54368,false,false,"Kev Walker"
"Goblin Rally",5,"Sorcery",R,"rtr","95",uncommon,null,Owned,Foil,mainboard,false,,,"goblin","",46691,false,false,"Nic Klein"
"Kuldotha Rebirth",1,"Sorcery",R,"som","96",common,null,Owned,Non-foil,mainboard,false,,,"goblin","",38043,false,false,"Goran Josic"
"Goblin Offensive",3,"Sorcery",R,"hop","56",uncommon,null,Owned,Non-foil,mainboard,false,,,"goblin","",44386,false,false,"Carl Critchlow"
"Losheel, Clockwork Scholar",3,"Legendary Creature - Elephant Artificer",W,"c21","18",rare,null,Owned,Non-foil,mainboard,false,,,"mono","",89779,false,false,"Daniel Zrom"
"Osgir, the Reconstructor",4,"Legendary Creature - Giant Artificer",RW,"c21","8",mythic,null,Owned,Foil,mainboard,false,,,"commander","",89259,false,false,"Victor Adame Minguez"
"Ivory Tower",1,"Artifact",,"v10","4",mythic,null,Owned,Non-foil,mainboard,false,,,"spawnedByDraftEffect","Will Scion of Peace",37645,false,false,"Jason Chan"
"Crucible of Worlds",3,"Artifact",,"10e","319",rare,null,Owned,Non-foil,mainboard,false,,,"mono","",27627,false,false,"Ron Spencer"
"Sculpting Steel",3,"Artifact",,"10e","342",rare,null,Owned,Non-foil,mainboard,false,,,"mono","",27588,false,false,"Heather Hudson"
"Alibou, Ancient Witness",5,"Legendary Artifact Creature - Golem",RW,"c21","7",mythic,null,Owned,Non-foil,mainboard,false,,,"commander","",89257,false,false,"Matt Stewart"
"Mycosynth Wellspring",2,"Artifact",,"nph","145",common,null,Owned,Non-foil,mainboard,false,,,"mono","",39830,false,false,"David Rapoza"
"Curiosity",1,"Enchantment - Aura",U,"isd","49",uncommon,null,Owned,Foil,mainboard,false,,,"mono","",42538,false,false,"Igor Kieryluk"
"Show and Tell",3,"Sorcery",U,"j13","8",rare,null,Owned,Foil,mainboard,false,,,"mono","",-1,false,false,"Zack Stella"
"Unwinding Clock",4,"Artifact",,"nph","164",rare,null,Owned,Non-foil,mainboard,false,,,"mono","",39872,false,false,"Mike Bierek"
"Niblis of Frost",4,"Creature - Spirit",U,"emn","72",rare,null,Owned,Foil,mainboard,false,,,"mono","",61336,false,false,"Josu Hernaiz"
"Bloodghast",2,"Creature - Vampire Spirit",B,"zen","83",rare,null,Owned,Non-foil,mainboard,false,,,"mono","",34688,false,false,"Daarken"
"Reassembling Skeleton",2,"Creature - Skeleton Warrior",B,"m11","112",uncommon,null,Owned,Non-foil,mainboard,false,,,"mono","",37466,false,false,"Austin Hsu"
"Nether Traitor",2,"Creature - Spirit",B,"tsp","120",rare,null,Owned,Non-foil,mainboard,false,,,"mono","",25763,false,false,"Vance Kovacs"
"Siegfried, Famed Swordsman",4,"Legendary Creature - Human Warrior Rogue",B,"fic","51",rare,null,Owned,Non-foil,mainboard,false,,,"commander","",140093,false,false,"Crystal Fae"
"Night's Whisper",2,"Sorcery",B,"pw24","18",common,null,Owned,Foil,mainboard,false,,,"mono","",-1,false,false,"John Severin Brassell"
"Unearth",1,"Sorcery",B,"ulg","72",common,null,Owned,Non-foil,mainboard,false,,,"mono","",12585,false,false,"Don Hazeltine"
"Exsanguinate",2,"Sorcery",B,"som","61",uncommon,null,Owned,Non-foil,mainboard,false,,,"mono","",38325,false,false,"Carl Critchlow"
"Victimize",3,"Sorcery",B,"tdc","198",uncommon,null,Owned,Non-foil,mainboard,false,,,"mono","",138333,false,false,"Craig J Spearing"
"Kokusho, the Evening Star",6,"Legendary Creature - Dragon Spirit",B,"chk","122",rare,null,Owned,Non-foil,mainboard,false,,,"mono","",21069,false,false,"Tsutomu Kawade"
"Liliana of the Veil",3,"Legendary Planeswalker - Liliana",B,"isd","105",mythic,null,Owned,Non-foil,mainboard,false,,,"mono","",42616,false,false,"Steve Argyle"
"Mesmeric Orb",2,"Artifact",,"mrd","204",rare,null,Owned,Non-foil,mainboard,false,,,"mono","",19761,false,false,"David Martin"
"Ancient Stone Idol",10,"Artifact Creature - Golem",,"c18","53",rare,null,Owned,Non-foil,mainboard,false,,,"mono","",-1,false,false,"Josh Hass"
"Filigree Vector",4,"Artifact Creature - Phyrexian Construct",W,"moc","15",rare,null,Owned,Non-foil,mainboard,false,,,"mono","",111382,false,false,"Lorenzo Mastroianni"
"Illustrious Wanderglyph",5,"Artifact Creature - Golem",W,"lcc","9",rare,null,Owned,Non-foil,mainboard,false,,,"mono","",119224,false,false,"Erikas Perl"
"Canoptek Spyder",5,"Artifact Creature - Spider",,"40k","151",rare,null,Owned,Non-foil,mainboard,false,,,"mono","",108774,false,false,"Wisnu Tan"
"Cybermen Squadron",7,"Artifact Creature - Cyberman",,"who","176",rare,null,Owned,Non-foil,mainboard,false,,,"mono","",-1,false,false,"Craig J Spearing"
"Imotekh the Stormlord",4,"Legendary Artifact Creature - Necron",BU,"40k","169",mythic,null,Owned,Non-foil,mainboard,false,,,"spawnedByDraftEffect","Emry, Lurker of the Loch",-1,false,false,"JB Casacop"
"Scrawling Crawler",3,"Artifact Creature - Phyrexian Construct",,"fdn","132",rare,null,Owned,Non-foil,mainboard,false,,,"mono","",133832,false,false,"Miro Petrov"
"Illuminor Szeras",3,"Legendary Artifact Creature - Necron",B,"40k","37",rare,null,Owned,Non-foil,mainboard,false,,,"mono","",108546,false,false,"Darren Tan"
"Metallic Mimic",2,"Artifact Creature - Shapeshifter",,"lcc","308",rare,null,Owned,Non-foil,mainboard,false,,,"mono","",119016,false,false,"Zack Stella"
"Surge Conductor",3,"Artifact Creature - Robot",,"eoc","19",rare,null,Owned,Non-foil,mainboard,false,,,"mono","",142215,false,false,"Alexandr Leskinen"
"Haywire Mite",1,"Artifact Creature - Insect",,"bro","199",uncommon,null,Owned,Non-foil,mainboard,false,,,"mono","",105018,false,false,"Izzy"
"Journey to Nowhere",2,"Enchantment",W,"zen","14",common,null,Owned,Non-foil,mainboard,false,,,"mono","",34390,false,false,"Warren Mahy"
"Fatal Push",1,"Instant",B,"2xm","343",rare,null,Owned,Non-foil,mainboard,false,,,"mono","",-1,false,false,"Eric Velhagen"
"Scrap Trawler",3,"Artifact Creature - Construct",,"aer","175",rare,null,Owned,Foil,mainboard,false,,,"mono","",62899,false,false,"Daarken"
"Venomcrawler",4,"Artifact Creature - Demon",B,"40k","68",rare,null,Owned,Non-foil,mainboard,false,,,"mono","",108608,false,false,"Ivan Dedov"
"Canoptek Scarab Swarm",4,"Artifact Creature - Insect",,"40k","150",rare,null,Owned,Non-foil,mainboard,false,,,"mono","",108772,false,false,"Alexey Kruglov"
"Thought Vessel",2,"Artifact",,"c15","55",common,null,Owned,Non-foil,mainboard,false,,,"mono","",-1,false,false,"rk post"
"Saprazzan Heir",2,"Creature - Merfolk",U,"mmq","99",rare,null,Owned,Non-foil,mainboard,false,,,"mono","",13461,false,false,"Terese Nielsen"
"Taigam, Master Opportunist",2,"Legendary Creature - Human Monk",U,"tdm","60",mythic,null,Owned,Foil,mainboard,false,,"https://cards.scryfall.io/large/front/a/7/a7c74def-83e5-4420-989d-2304bf4743ae.jpg?1562930370","commander;draftEffect","Signature Spell
Wibbly-wobbly, Timey-wimey
Paradox Haze",139069,false,false,"Joshua Raphael"
"Chief Engineer",2,"Creature - Vedalken Artificer",U,"m15","47",rare,null,Owned,Non-foil,mainboard,false,,,"mono","",53638,false,false,"Steven Belledin"
"Isochron Scepter",2,"Artifact",,"v10","3",mythic,null,Owned,Foil,mainboard,false,,,"mono","",37647,false,false,"Chippy"
"Wibbly-wobbly, Timey-wimey",2,"Sorcery",U,"who","62",common,null,Owned,Non-foil,mainboard,false,,,"spawnedByDraftEffect","",-1,false,false,"Skinnyelbows"
"Paradox Haze",3,"Enchantment - Aura",U,"plst","TSP-71",uncommon,null,Owned,Foil,mainboard,false,,,"spawnedByDraftEffect","",-1,false,false,"Greg Staples"
"Pongify",1,"Instant",U,"plc","44",uncommon,null,Owned,Non-foil,mainboard,false,,,"mono","",26453,false,false,"Heather Hudson"
"Ravenform",3,"Sorcery",U,"khm","72",common,null,Owned,Foil,mainboard,false,,,"mono","",87471,false,false,"Anna Steinbauer"
"High Fae Trickster",4,"Creature - Faerie Wizard",U,"fdn","40",rare,null,Owned,Non-foil,mainboard,false,,,"mono","",133648,false,false,"Justyna Dura"
"Uthros Psionicist",3,"Creature - Jellyfish Scientist",U,"eoe","84",uncommon,null,Owned,Foil,mainboard,false,,,"mono","",142781,false,false,"Inkognit"
"Fumble",2,"Instant",U,"bbd","34",uncommon,null,Owned,Non-foil,mainboard,false,,,"mono","",68796,false,false,"Gabor Szikszai"
"Pull from Tomorrow",2,"Instant",U,"akh","65",rare,null,Owned,Non-foil,mainboard,false,,,"mono","",63732,false,false,"Sara Winters"
"Cyber Conversion",2,"Instant",U,"who","38",rare,null,Owned,Foil,mainboard,false,,,"mono","",-1,false,false,"Eddie Schillo"
"Flash",2,"Instant",U,"a25","57",rare,null,Owned,Non-foil,mainboard,false,,,"mono","",67028,false,false,"Naomi Baker"
"Tezzeret the Seeker",5,"Legendary Planeswalker - Tezzeret",U,"ala","60",mythic,null,Owned,Non-foil,mainboard,false,,,"mono","",30979,false,false,"Anthony Francisco"
"Impulse",2,"Instant",U,"v13","5",mythic,null,Owned,Foil,mainboard,false,,,"mono","",50047,false,false,"Izzy"
"Memory Lapse",2,"Instant",U,"7ed","88★",common,null,Owned,Foil,mainboard,false,,,"mono","",-1,false,false,"Tristan Elwell"
"Impede Momentum",2,"Sorcery",U,"dmu","54",common,null,Owned,Foil,mainboard,false,,,"mono","",102584,false,false,"Igor Kieryluk"
"Haunting Imitation",3,"Sorcery",U,"voc","13",rare,null,Owned,Non-foil,mainboard,false,,,"mono","",95184,false,false,"Liiga Smilshkalne"
"Mists of Lórien",3,"Sorcery",U,"ltc","501",rare,null,Owned,Foil,mainboard,false,,,"mono","",120092,false,false,"Alexander Mokhov"
"Flatline",3,"Instant",U,"who","43",rare,null,Owned,Non-foil,mainboard,false,,,"mono","",-1,false,false,"Filipe Pagliuso"
"Chain Reaction",4,"Sorcery",R,"wwk","74",rare,null,Owned,Non-foil,mainboard,false,,,"spawnedByDraftEffect","",35637,false,false,"Trevor Claxton"
"Carmen, Cruel Skymarcher",5,"Legendary Creature - Vampire Soldier",BW,"lcc","5",mythic,null,Owned,Foil,mainboard,false,,,"commander","",119208,false,false,"Randy Vargas"
"Brimaz, Blight of Oreskos",4,"Legendary Creature - Phyrexian Cat",BW,"moc","2",mythic,null,Owned,Foil,mainboard,false,,,"commander;draftEffect","Progenitor Exarch
Essence of Orthodoxy",111458,false,false,"Uriah Voth"
"Kambal, Profiteering Mayor",3,"Legendary Creature - Human Advisor",BW,"otj","211",rare,null,Owned,Non-foil,mainboard,false,,"https://cards.scryfall.io/large/front/0/d/0dffd473-2b89-4f74-8bff-39b8eb408b26.jpg?1591319133","commander;draftEffect","Human Booster Pack, 6",124333,false,false,"Andreas Zafiratos"
"Satyr Wayfinder",2,"Creature - Satyr",G,"bng","136",common,null,Owned,Non-foil,mainboard,false,,,"mono","",51643,false,false,"Steve Prescott"
"The Gitrog, Ravenous Ride",5,"Legendary Creature - Frog Horror Mount",BG,"otj","206",mythic,null,Owned,Non-foil,mainboard,false,,,"commander","",124323,false,false,"Johan Grenier"
"Vraska, the Silencer",3,"Legendary Creature - Gorgon Assassin",BG,"otj","237",mythic,null,Owned,Non-foil,mainboard,false,,,"commander","",124385,false,false,"Kieran Yanner"
"Tyvar the Bellicose",4,"Legendary Creature - Elf Warrior",BG,"mat","48",mythic,null,Owned,Non-foil,mainboard,false,,"https://cards.scryfall.io/large/front/b/7/b7663358-c85c-4ba4-ac9b-6be6105363a9.jpg?1562279140","commander;draftEffect","Elf Booster Pack, 6",109218,false,false,"Jarel Threat"
"Savra, Queen of the Golgari",4,"Legendary Creature - Elf Shaman",BG,"rav","225",rare,null,Owned,Non-foil,mainboard,false,,,"mono","",23514,false,false,"Scott M. Fischer"
"Smash to Dust",2,"Sorcery",R,"dmu","144",common,null,Owned,Foil,mainboard,false,,,"spawnedByDraftEffect","",102764,false,false,"Marc Simonetti"
"Cut Down",1,"Instant",B,"dmu","89",uncommon,null,Owned,Non-foil,mainboard,false,,,"mono","",102654,false,false,"Dominik Mayer"
"It Came from Planet Glurg",2,"Legendary Creature - Alien Ooze",GU,"unf","169",mythic,null,Owned,Etched,mainboard,false,,,"mono","",-1,false,false,"Marco Bucci"
"Kinnan, Bonder Prodigy",2,"Legendary Creature - Human Druid",GU,"iko","192",mythic,null,Owned,Non-foil,mainboard,false,,,"commander","",80393,false,false,"Jason Rainville"
"Inga and Esika",4,"Legendary Creature - Human God",GU,"mom","229",rare,null,Owned,Non-foil,mainboard,false,,,"commander","",110346,false,false,"Wayne Reynolds"
"Kianne, Corrupted Memory",4,"Legendary Creature - Illusion",GU,"dsc","2",mythic,null,Owned,Foil,mainboard,false,,,"commander","",131405,false,false,"Mila Pesic"
"Glasses of Urza",1,"Artifact",,"30a","241",uncommon,null,Owned,Non-foil,mainboard,false,,,"spawnedByDraftEffect","Marchesa Dealer of Death",-1,false,false,"Douglas Shuler"
"Kusari-Gama",3,"Artifact - Equipment",,"chk","260",rare,null,Owned,Non-foil,mainboard,false,,,"mono","",21123,false,false,"Tomas Giorello"
"Fractured Identity",5,"Sorcery",UW,"sld","272",rare,null,Owned,Non-foil,mainboard,false,,,"mono","",89915,false,false,"Justin Hernandez & Alexis Hernandez"
"Betor, Ancestor's Voice",5,"Legendary Creature - Spirit Dragon",BGW,"tdc","1",mythic,null,Owned,Non-foil,mainboard,false,,,"commander","",138019,false,false,"Lius Lasahido"
"Kotis, the Fangkeeper",4,"Legendary Creature - Zombie Warrior",BGU,"tdm","202",rare,null,Owned,Foil,mainboard,false,,,"commander","",139365,false,false,"Evyn Fong"
"Fiery Islet",0,"Land",RU,"mh1","238",rare,null,Owned,Foil,mainboard,false,,,"land","",72848,false,false,"Richard Wright"
"Waterlogged Grove",0,"Land",GU,"mh1","249",rare,null,Owned,Foil,mainboard,false,,,"land","",72870,false,false,"John Avon"
"Nurturing Peatland",0,"Land",BG,"mh1","243",rare,null,Owned,Foil,mainboard,false,,,"land","",72858,false,false,"Noah Bradley"
"Silent Clearing",0,"Land",BW,"mh1","246",rare,null,Owned,Foil,mainboard,false,,,"land","",72864,false,false,"Seb McKinnon"
"Sunbaked Canyon",0,"Land",RW,"mh1","247",rare,null,Owned,Foil,mainboard,false,,,"land","",72866,false,false,"Yeong-Hao Han"
"Tundra",0,"Land - Plains Island",UW,"vma","322",rare,null,Owned,Non-foil,mainboard,false,,,"land","",53095,false,false,"Lars Grant-West"
"Savannah",0,"Land - Forest Plains",GW,"vma","311",rare,null,Owned,Non-foil,mainboard,false,,,"land","",53085,false,false,"Charles Urbach"
"Underground Sea",0,"Land - Island Swamp",BU,"vma","323",rare,null,Owned,Non-foil,mainboard,false,,,"land","",53097,false,false,"Cliff Childs"
"Badlands",0,"Land - Swamp Mountain",BR,"vma","291",rare,null,Owned,Non-foil,mainboard,false,,,"land","",53077,false,false,"Daarken"
"Taiga",0,"Land - Mountain Forest",GR,"vma","317",rare,null,Owned,Non-foil,mainboard,false,,,"land","",53089,false,false,"Sam Burley"
"Scrubland",0,"Land - Plains Swamp",BW,"vma","313",rare,null,Owned,Non-foil,mainboard,false,,,"land","",53087,false,false,"Eytan Zana"
"Volcanic Island",0,"Land - Island Mountain",RU,"vma","324",rare,null,Owned,Non-foil,mainboard,false,,,"land","",53099,false,false,"Noah Bradley"
"Bayou",0,"Land - Swamp Forest",BG,"vma","293",rare,null,Owned,Non-foil,mainboard,false,,,"land","",53079,false,false,"Karl Kopinski"
"Plateau",0,"Land - Mountain Plains",RW,"vma","308",rare,null,Owned,Non-foil,mainboard,false,,,"land","",53081,false,false,"Noah Bradley"
"Tropical Island",0,"Land - Forest Island",GU,"vma","321",rare,null,Owned,Non-foil,mainboard,false,,,"land","",53093,false,false,"Franz Vohwinkel"
"Canyon Slough",0,"Land - Swamp Mountain",BR,"akh","239",rare,null,Owned,Foil,mainboard,false,,,"land","",64140,false,false,"Titus Lunter"
"Fetid Pools",0,"Land - Island Swamp",BU,"akh","243",rare,null,Owned,Foil,mainboard,false,,,"land","",64148,false,false,"Jonas De Ro"
"Irrigated Farmland",0,"Land - Plains Island",UW,"akh","245",rare,null,Owned,Foil,mainboard,false,,,"land","",64152,false,false,"Jonas De Ro"
"Scattered Groves",0,"Land - Forest Plains",GW,"akh","247",rare,null,Owned,Foil,mainboard,false,,,"land","",64156,false,false,"Christine Choi"
"Sheltered Thicket",0,"Land - Mountain Forest",GR,"akh","248",rare,null,Owned,Foil,mainboard,false,,,"land","",64158,false,false,"Sung Choi"
"Volo, Guide to Monsters",4,"Legendary Creature - Human Wizard",GU,"afr","238",rare,null,Owned,Foil,mainboard,false,,,"commander","",91978,false,false,"Zoltan Boros"
"Commercial District",0,"Land - Mountain Forest",GR,"mkm","259",rare,null,Owned,Non-foil,mainboard,false,,,"land","",122010,false,false,"Julian Kok Joon Wen"
"Elegant Parlor",0,"Land - Mountain Plains",RW,"mkm","260",rare,null,Owned,Non-foil,mainboard,false,,,"land","",122012,false,false,"Kamila Szutenberg"
"Hedge Maze",0,"Land - Forest Island",GU,"mkm","262",rare,null,Owned,Non-foil,mainboard,false,,,"land","",122016,false,false,"Andrew Mar"
"Lush Portico",0,"Land - Forest Plains",GW,"mkm","263",rare,null,Owned,Non-foil,mainboard,false,,,"land","",122018,false,false,"Kamila Szutenberg"
"Meticulous Archive",0,"Land - Plains Island",UW,"mkm","264",rare,null,Owned,Non-foil,mainboard,false,,,"land","",122020,false,false,"Sam Burley"
"Raucous Theater",0,"Land - Swamp Mountain",BR,"mkm","266",rare,null,Owned,Non-foil,mainboard,false,,,"land","",122024,false,false,"Sergey Glushakov"
"Shadowy Backstreet",0,"Land - Plains Swamp",BW,"mkm","268",rare,null,Owned,Non-foil,mainboard,false,,,"land","",122028,false,false,"Andreas Zafiratos"
"Thundering Falls",0,"Land - Island Mountain",RU,"mkm","269",rare,null,Owned,Non-foil,mainboard,false,,,"land","",122030,false,false,"Grady Frederick"
"Undercity Sewers",0,"Land - Island Swamp",BU,"mkm","270",rare,null,Owned,Non-foil,mainboard,false,,,"land","",122032,false,false,"Yeong-Hao Han"
"Underground Mortuary",0,"Land - Swamp Forest",BG,"mkm","271",rare,null,Owned,Non-foil,mainboard,false,,,"land","",122034,false,false,"Sergey Glushakov"
"Shivan Reef",0,"Land",RU,"10e","357",rare,null,Owned,Non-foil,mainboard,false,,,"land","",27466,false,false,"Rob Alexander"
"Yavimaya Coast",0,"Land",GU,"10e","363",rare,null,Owned,Foil,mainboard,false,,,"land","",27468,false,false,"Anthony S. Waters"
"Battlefield Forge",0,"Land",RW,"10e","348",rare,null,Owned,Foil,mainboard,false,,,"land","",27462,false,false,"Darrell Riche"
"Llanowar Wastes",0,"Land",BG,"10e","355",rare,null,Owned,Foil,mainboard,false,,,"land","",27464,false,false,"Rob Alexander"
"Caves of Koilos",0,"Land",BW,"10e","350",rare,null,Owned,Foil,mainboard,false,,,"land","",27460,false,false,"Jim Nelson"
"Adarkar Wastes",0,"Land",UW,"10e","347",rare,null,Owned,Foil,mainboard,false,,,"land","",27384,false,false,"John Avon"
"Brushland",0,"Land",GW,"10e","349",rare,null,Owned,Foil,mainboard,false,,,"land","",27390,false,false,"Scott Bailey"
"Karplusan Forest",0,"Land",GR,"10e","354",rare,null,Owned,Foil,mainboard,false,,,"land","",27705,false,false,"John Avon"
"Sulfurous Springs",0,"Land",BR,"10e","359",rare,null,Owned,Foil,mainboard,false,,,"land","",27436,false,false,"Rob Alexander"
"Underground River",0,"Land",BU,"10e","362",rare,null,Owned,Foil,mainboard,false,,,"land","",27438,false,false,"Andrew Goldhawk"
"Raffine's Tower",0,"Land - Plains Island Swamp",,"snc","254",rare,null,Owned,Non-foil,mainboard,false,,,"land","",98727,false,false,"Sam White"
"Xander's Lounge",0,"Land - Island Swamp Mountain",,"snc","260",rare,null,Owned,Non-foil,mainboard,false,,,"land","",98739,false,false,"James Paick"
"Ziatora's Proving Ground",0,"Land - Swamp Mountain Forest",,"snc","261",rare,null,Owned,Non-foil,mainboard,false,,,"land","",98741,false,false,"Viko Menezes"
"Jetmir's Garden",0,"Land - Mountain Forest Plains",,"snc","250",rare,null,Owned,Non-foil,mainboard,false,,,"land","",98719,false,false,"Kasia 'Kafis' Zielińska"
"Savai Triome",0,"Land - Mountain Plains Swamp",,"iko","253",rare,null,Owned,Non-foil,mainboard,false,,,"land","",80515,false,false,"Titus Lunter"
"Indatha Triome",0,"Land - Plains Swamp Forest",,"iko","248",rare,null,Owned,Non-foil,mainboard,false,,,"land","",80505,false,false,"Noah Bradley"
"Zagoth Triome",0,"Land - Swamp Forest Island",,"iko","259",rare,null,Owned,Non-foil,mainboard,false,,,"land","",80527,false,false,"Eytan Zana"
"Raugrin Triome",0,"Land - Island Mountain Plains",,"iko","251",rare,null,Owned,Non-foil,mainboard,false,,,"land","",80511,false,false,"Jonas De Ro"
"Ketria Triome",0,"Land - Forest Island Mountain",,"iko","250",rare,null,Owned,Non-foil,mainboard,false,,,"land","",80509,false,false,"Sam Burley"
"Spara's Headquarters",0,"Land - Forest Plains Island",,"snc","257",rare,null,Owned,Non-foil,mainboard,false,,,"land","",98733,false,false,"Kieran Yanner"
"Rivendell",0,"Legendary Land",,"ltr","259",rare,null,Owned,Non-foil,mainboard,false,,,"land","",112428,false,false,"Jonas De Ro"
"Starfall Invocation",5,"Sorcery",W,"blb","34",rare,null,Owned,Foil,mainboard,false,,,"mono","",129313,false,false,"Rob Rey"
"Tinybones, the Pickpocket",1,"Legendary Creature - Skeleton Rogue",BR,"otj","109",mythic,null,Owned,Non-foil,mainboard,false,,"https://cards.scryfall.io/large/front/a/9/a9738cda-adb1-47fb-9f4c-ecd930228c4d.jpg?1681963138","commander;draftEffect","Ragavan, Nimble Pilferer
Looking For Group!",124129,false,false,"Ekaterina Burmak"
"Sephara, Sky's Blade",7,"Legendary Creature - Angel",W,"m20","36",rare,null,Owned,Non-foil,mainboard,false,,,"mono","",72971,false,false,"Livia Prima"
"Adarkar Valkyrie",6,"Snow Creature - Angel",W,"csp","1",rare,null,Owned,Non-foil,mainboard,false,,,"mono","",24643,false,false,"Jeremy Jarvis"
"Angel of Indemnity",6,"Creature - Angel Warrior",W,"otc","9",rare,null,Owned,Non-foil,mainboard,false,,,"mono","",125149,false,false,"Denman Rooke"
"Devout Invocation",7,"Sorcery",W,"m14","16",mythic,null,Owned,Non-foil,mainboard,false,,,"mono","",49417,false,false,"David Palumbo"
"Reunion of the House",7,"Sorcery",W,"tdc","15",rare,null,Owned,Non-foil,mainboard,false,,,"mono","",138047,false,false,"Quintin Gleim"
"Bolas's Citadel",6,"Legendary Artifact",B,"war","79",rare,null,Owned,Non-foil,mainboard,false,,,"mono","",71764,false,false,"Jonas De Ro"
"Liliana, Dreadhorde General",6,"Legendary Planeswalker - Liliana",B,"war","97",mythic,null,Owned,Non-foil,mainboard,false,,,"mono","",71800,false,false,"Chris Rallis"
"Rejoin the Fight",6,"Sorcery",B,"fic","49",rare,null,Owned,Non-foil,mainboard,false,,,"mono","",140089,false,false,"YASUNARI HIRASAKA"
"Shadow of the Enemy",6,"Sorcery",B,"ltr","107",mythic,null,Owned,Non-foil,mainboard,false,,,"mono","",112124,false,false,"Shahab Alizadeh"
"Rotting Rats",2,"Creature - Zombie Rat",B,"con","51",common,null,Owned,Non-foil,mainboard,false,,,"mono","",31685,false,false,"Dave Allsop"
"God-Eternal Oketra",5,"Legendary Creature - Zombie God",W,"war","16",mythic,null,Owned,Non-foil,mainboard,false,,,"mono","",71638,false,false,"Grzegorz Rutkowski"
"Bloodchief Ascension",1,"Enchantment",B,"zen","82",rare,null,Owned,Non-foil,mainboard,false,,,"mono","",34822,false,false,"Adi Granov"
"Urza's Incubator",3,"Artifact",,"c15","273",rare,null,Owned,Non-foil,mainboard,false,,,"mono","",-1,false,false,"Pete Venters"
"Wargate",3,"Sorcery",GUW,"arb","129",rare,null,Owned,Foil,mainboard,false,,,"mono","",32358,false,false,"Franz Vohwinkel"
"Call the Coppercoats",3,"Instant",W,"c20","23",rare,null,Owned,Non-foil,mainboard,false,,,"human","",80627,false,false,"Cristi Balanescu"
"Fireflux Squad",4,"Creature - Human Soldier",R,"c20","51",rare,null,Owned,Non-foil,mainboard,false,,,"mono","",80683,false,false,"Kieran Yanner"
"Mind Stone",2,"Artifact",,"10e","335",uncommon,null,Owned,Non-foil,mainboard,false,,,"mono","",27044,false,false,"Adam Rex"
"Cloud of Faeries",2,"Creature - Faerie",U,"woc","86",common,null,Owned,Non-foil,mainboard,false,,,"faerie","",117088,false,false,"Iris Compiet"
"Emrakul's Messenger",2,"Creature - Eldrazi Faerie Rogue",,"mh3","61",uncommon,null,Owned,Foil,mainboard,false,,,"faerie","",126139,false,false,"David Álvarez"
"Faerie Mastermind",2,"Creature - Faerie Rogue",U,"mom","58",rare,null,Owned,Non-foil,mainboard,false,,,"faerie","",109930,false,false,"Joshua Raphael"
"Spellstutter Sprite",2,"Creature - Faerie Wizard",U,"lrw","89",common,null,Owned,Non-foil,mainboard,false,,,"faerie","",28243,false,false,"Rebecca Guay"
"Brazen Borrower",3,"Creature - Faerie Rogue",U,"eld","39",mythic,null,Owned,Non-foil,mainboard,false,,,"faerie","",78180,false,false,"Eric Deschamps"
"Scion of Oona",3,"Creature - Faerie Soldier",U,"lrw","83",rare,null,Owned,Non-foil,mainboard,false,,,"faerie","",28427,false,false,"Eric Fortune"
"Glen Elendra Archmage",4,"Creature - Faerie Wizard",U,"eve","22",rare,null,Owned,Non-foil,mainboard,false,,,"faerie","",30226,false,false,"Warren Mahy"
"Malleable Impostor",4,"Creature - Faerie Shapeshifter",U,"woc","10",rare,null,Owned,Non-foil,mainboard,false,,,"faerie","",117276,false,false,"Alessandra Pisano"
"Moonshae Pixie",4,"Creature - Faerie",U,"clb","84",uncommon,null,Owned,Foil,mainboard,false,,,"mono","",100168,false,false,"Edgar Sánchez Hidalgo"
"Sower of Temptation",4,"Creature - Faerie Wizard",U,"lrw","88",rare,null,Owned,Foil,mainboard,false,,,"mono","",28767,false,false,"Christopher Moeller"
"Archmage of Echoes",5,"Creature - Faerie Wizard",U,"woc","9",rare,null,Owned,Non-foil,mainboard,false,,,"faerie","",117274,false,false,"Olena Richards"
"Enigma Thief",7,"Creature - Sphinx Rogue",U,"znc","4",rare,null,Owned,Non-foil,mainboard,false,,,"mono","",83635,false,false,"Victor Adame Minguez"
"Thieves' Fortune",3,"Kindred Instant - Rogue",U,"mor","54",uncommon,null,Owned,Non-foil,mainboard,false,,,"faerie","",29090,false,false,"Zoltan Boros & Gabor Szikszai"
"Notorious Throng",4,"Kindred Sorcery - Rogue",U,"mor","45",rare,null,Owned,Non-foil,mainboard,false,,,"faerie","",29014,false,false,"Thomas Denmark"
"Blightwing Bandit",4,"Creature - Faerie Rogue",B,"woc","13",rare,null,Owned,Non-foil,mainboard,false,,,"faerie","",117282,false,false,"Marie Magny"
"Faerie Bladecrafter",3,"Creature - Faerie Rogue",B,"woc","14",rare,null,Owned,Non-foil,mainboard,false,,,"faerie","",117284,false,false,"Jodie Muir"
"Nettling Nuisance",3,"Creature - Faerie Rogue",B,"woc","15",rare,null,Owned,Non-foil,mainboard,false,,,"faerie","",117286,false,false,"Kevin Sidharta"
"Oona's Blackguard",2,"Creature - Faerie Rogue",B,"dci","15",rare,null,Owned,Foil,mainboard,false,,,"faerie","",-1,false,false,"Darrell Riche"
"Rankle, Master of Pranks",4,"Legendary Creature - Faerie Rogue",B,"eld","101",mythic,null,Owned,Non-foil,mainboard,false,,,"mono","",78320,false,false,"Dmitry Burmak"
"Bitterblossom",2,"Kindred Enchantment - Faerie",B,"mor","58",rare,null,Owned,Non-foil,mainboard,false,,,"faerie","",29038,false,false,"Rebecca Guay"
"Alela, Cunning Conqueror",4,"Legendary Creature - Faerie Warlock",BU,"woc","3",mythic,null,Owned,Non-foil,mainboard,false,,"https://cards.scryfall.io/large/front/1/6/1666cae8-8750-4091-8e45-259e76268db9.jpg?1561756717","commander;draftEffect","Faerie Booster Pack, 6",117298,false,false,"Livia Prima"
"Halo Forager",3,"Creature - Faerie Rogue",BU,"mom","227",uncommon,null,Owned,Foil,mainboard,false,,,"faerie","",110342,false,false,"Kevin Sidharta"
"Likeness Looter",2,"Creature - Faerie Shapeshifter",BU,"woe","208",rare,null,Owned,Non-foil,mainboard,false,,,"faerie","",116760,false,false,"Ben Hill"
"Nymris, Oona's Trickster",5,"Legendary Creature - Faerie Knight",BU,"cmr","288",rare,null,Owned,Foil,mainboard,false,,,"faerie","",85358,false,false,"Johannes Voss"
"Obyra, Dreaming Duelist",2,"Legendary Creature - Faerie Warrior",BU,"woe","210",uncommon,null,Owned,Foil,mainboard,false,,"https://cards.scryfall.io/large/front/1/6/1666cae8-8750-4091-8e45-259e76268db9.jpg?1561756717","commander;draftEffect","Faerie Booster Pack, 6",116764,false,false,"Evyn Fong"
"Oona, Queen of the Fae",6,"Legendary Creature - Faerie Wizard",BU,"shm","172",rare,null,Owned,Non-foil,mainboard,false,,"https://cards.scryfall.io/large/front/1/6/1666cae8-8750-4091-8e45-259e76268db9.jpg?1561756717","commander;draftEffect","Faerie Booster Pack, 6",29597,false,false,"Adam Rex"
"Spellscorn Coven",4,"Creature - Faerie Warlock",B,"woe","237",uncommon,null,Owned,Foil,mainboard,false,,,"faerie","",116852,false,false,"Uriah Voth"
"Tegwyll, Duke of Splendor",3,"Legendary Creature - Faerie Noble",BU,"woc","1",mythic,null,Owned,Foil,mainboard,false,,,"commander;draftEffect","Faerie Booster Pack, 6",117302,false,false,"Ekaterina Burmak"
"Elvish Mystic",1,"Creature - Elf Druid",G,"m14","169",common,null,Owned,Non-foil,mainboard,false,,,"elf","",49499,false,false,"Wesley Burt"
"Joraga Warcaller",1,"Creature - Elf Warrior",G,"wwk","106",rare,null,Owned,Non-foil,mainboard,false,,,"elf","",35795,false,false,"Steven Belledin"
"Skyshroud Ranger",1,"Creature - Elf Ranger",G,"tmp","256",common,null,Owned,Non-foil,mainboard,false,,,"mono","",9525,false,false,"Steve Luke"
"Bloom Tender",2,"Creature - Elf Druid",G,"eve","66",rare,null,Owned,Non-foil,mainboard,false,,,"mono","",30260,false,false,"Chippy"
"Bramblewood Paragon",2,"Creature - Elf Warrior",G,"mor","115",uncommon,null,Owned,Foil,mainboard,false,,,"elf","",28968,false,false,"Jim Murray"
"Gyre Sage",2,"Creature - Elf Druid",G,"gtc","123",rare,null,Owned,Non-foil,mainboard,false,,,"mono","",47445,false,false,"Tyler Jacobson"
"Seeker of Skybreak",2,"Creature - Elf",G,"tmp","254",common,null,Owned,Non-foil,mainboard,false,,,"mono","",9523,false,false,"Daren Bader"
"Wellwisher",2,"Creature - Elf",G,"ons","300",common,null,Owned,Non-foil,mainboard,false,,,"elf","",18119,false,false,"Christopher Rush"
"Caller of the Claw",3,"Creature - Elf",G,"lgn","121",rare,null,Owned,Non-foil,mainboard,false,,,"mono","",18531,false,false,"Matt Cavotta"
"Circle of Dreams Druid",3,"Creature - Elf Druid",G,"afr","176",rare,null,Owned,Non-foil,mainboard,false,,,"mono","",91854,false,false,"Sam Guay"
"Elvish Rejuvenator",3,"Creature - Elf Druid",G,"m19","180",common,null,Owned,Foil,mainboard,false,,,"mono","",68521,false,false,"Winona Nelson"
"Evolution Sage",3,"Creature - Elf Druid",G,"onc","108",uncommon,null,Owned,Non-foil,mainboard,false,,,"mono","",107007,false,false,"Simon Dominic"
"Armorcraft Judge",4,"Creature - Elf Artificer",G,"kld","144",uncommon,null,Owned,Foil,mainboard,false,,,"mono","",61725,false,false,"David Palumbo"
"Dionus, Elvish Archdruid",4,"Legendary Creature - Elf Druid",G,"j25","52",uncommon,null,Owned,Non-foil,mainboard,false,,,"elf","",132784,false,false,"BODAX"
"Imaryll, Elfhame Elite",4,"Legendary Creature - Elf Warrior",G,"gn3","5",mythic,null,Owned,Non-foil,mainboard,false,,"https://cards.scryfall.io/large/front/b/7/b7663358-c85c-4ba4-ac9b-6be6105363a9.jpg?1562279140","commander;draftEffect","Elf Booster Pack, 3",-1,false,false,"Ryan Pancoast"
"Lys Alana Huntmaster",4,"Creature - Elf Warrior",G,"lrw","229",common,null,Owned,Non-foil,mainboard,false,,,"elf","",28215,false,false,"Pete Venters"
"Norwood Priestess",4,"Creature - Elf Druid",G,"vma","221",rare,null,Owned,Non-foil,mainboard,false,,,"elf","",52721,false,false,"Melissa A. Benson"
"Adeline, Resplendent Cathar",3,"Legendary Creature - Human Knight",W,"mid","1",rare,null,Owned,Non-foil,mainboard,false,,,"human","",92916,false,false,"Bryan Sola"
"Angel of Glory's Rise",7,"Creature - Angel",W,"avr","1",rare,null,Owned,Foil,mainboard,false,,,"human","",43869,false,false,"James Ryman"
"Beregond of the Guard",4,"Legendary Creature - Human Soldier",W,"ltc","9",rare,null,Owned,Non-foil,mainboard,false,,,"human","",113050,false,false,"Campbell White"
"Cosmogrand Zenith",3,"Creature - Human Soldier",W,"eoe","9",mythic,null,Owned,Non-foil,mainboard,false,,,"human","",142631,false,false,"Anna Steinbauer"
"Devout Chaplain",3,"Creature - Human Cleric",W,"avr","17",uncommon,null,Owned,Foil,mainboard,false,,,"human","",44227,false,false,"Lucas Graciano"
"Greymond, Avacyn's Stalwart",4,"Legendary Creature - Human Soldier",W,"slx","18",mythic,null,Owned,Non-foil,mainboard,false,,,"human","",117306,false,false,"Bram Sels"
"Distract the Guards",3,"Sorcery",W,"acr","3",uncommon,null,Owned,Foil,mainboard,false,,,"human","",127972,false,false,"Torgeir Fjereide"
"""Ach! Hans, Run!""",6,"Enchantment",GR,"unh","116",rare,null,Owned,Non-foil,mainboard,false,,,"mono","",-1,false,false,"Quinton Hoover"
"Anzrag, the Quake-Mole",4,"Legendary Creature - Mole God",GR,"mkm","186",mythic,null,Owned,Non-foil,mainboard,false,,,"commander","",121848,false,false,"Helge C. Balzer"
"Cavalier of Dawn",5,"Creature - Elemental Knight",W,"m20","10",mythic,null,Owned,Non-foil,mainboard,false,,,"mono","",72919,false,false,"Daarken"
"Champion of the Parish",1,"Creature - Human Soldier",W,"isd","6",rare,null,Owned,Non-foil,mainboard,false,,,"human","",42828,false,false,"Svetlin Velinov"
"Exalted Sunborn",5,"Creature - Angel Wizard",W,"eoe","15",mythic,null,Owned,Non-foil,mainboard,false,,,"mono","",142643,false,false,"Scott M. Fischer"
"Intrepid Hero",3,"Creature - Human Soldier",W,"8ed","26★",rare,null,Owned,Foil,mainboard,false,,,"mono","",-1,false,false,"Greg Hildebrandt"
"Knight-Errant of Eos",5,"Creature - Human Knight",W,"mom","26",rare,null,Owned,Non-foil,mainboard,false,,,"human","",109858,false,false,"Kevin Sidharta"
"Loyal Retainers",3,"Creature - Human Advisor",W,"cmm","39",mythic,null,Owned,Non-foil,mainboard,false,,,"mono","",115177,false,false,"Kieran Yanner"
"Moonshaker Cavalry",8,"Creature - Spirit Knight",W,"woe","21",mythic,null,Owned,Non-foil,mainboard,false,,,"mono","",116334,false,false,"Aldo Domínguez"
"Ranger-Captain of Eos",3,"Creature - Human Soldier Ranger",W,"mh1","21",mythic,null,Owned,Non-foil,mainboard,false,,,"human","",72414,false,false,"Ryan Pancoast"
"Delney, Streetwise Lookout",3,"Legendary Creature - Human Scout",W,"mkm","12",mythic,null,Owned,Non-foil,mainboard,false,,,"commander","",121512,false,false,"Darren Tan"
"Mangara, the Diplomat",4,"Legendary Creature - Human Cleric",W,"cmm","42",rare,null,Owned,Non-foil,mainboard,false,,,"mono","",115183,false,false,"Howard Lyon"
"Mikaeus, the Lunarch",1,"Legendary Creature - Human Cleric",W,"2x2","18",rare,null,Owned,Foil,mainboard,false,,,"mono","",101520,false,false,"Steven Belledin"
"Evra, Halcyon Witness",6,"Legendary Creature - Avatar",W,"dom","16",rare,null,Owned,Foil,mainboard,false,,,"commander","",67497,false,false,"Johannes Voss"
"Sunset Revelry",2,"Sorcery",W,"mid","38",uncommon,null,Owned,Foil,mainboard,false,,,"human","",93006,false,false,"Antonio José Manzanedo"
"Visions of Glory",5,"Sorcery",W,"mic","32",rare,null,Owned,Non-foil,mainboard,false,,,"human","",93854,false,false,"Alexander Mokhov"
"Fight as One",1,"Instant",W,"iko","12",uncommon,null,Owned,Foil,mainboard,false,,,"human","",80033,false,false,"Bryan Sola"
"Ragavan, Nimble Pilferer",1,"Legendary Creature - Monkey Pirate",R,"mh2","138",mythic,null,Owned,Non-foil,mainboard,false,,,"spawnedByDraftEffect","",90653,false,false,"Simon Dominic"
"Wrath of God",4,"Sorcery",W,"9ed","56★",rare,null,Owned,Foil,mainboard,false,,,"mono","",-1,false,false,"Kev Walker"
"Custodi Soulbinders",4,"Creature - Human Cleric",W,"cns","17",rare,null,Owned,Non-foil,mainboard,false,,,"mono","",-1,false,false,"Karla Ortiz"
"Cathars' Crusade",5,"Enchantment",W,"avr","10",rare,null,Owned,Non-foil,mainboard,false,,,"mono","",44231,false,false,"Karl Kopinski"
"Abzan Falconer",3,"Creature - Human Soldier",W,"ktk","2",uncommon,null,Owned,Non-foil,mainboard,false,,,"mono","",54272,false,false,"Steven Belledin"
"Champion of Lambholt",3,"Creature - Human Warrior",G,"avr","171",rare,null,Owned,Non-foil,mainboard,false,,,"mono","",44285,false,false,"Christopher Moeller"
"Vorel of the Hull Clade",3,"Legendary Creature - Human Merfolk",GU,"cm2","169",rare,null,Owned,Non-foil,mainboard,false,,,"mono","",-1,false,false,"Mike Bierek"
"Diabolic Servitude",4,"Enchantment",B,"pd3","22",uncommon,null,Owned,Foil,mainboard,false,,,"mono","",43105,false,false,"Scott M. Fischer"
"Valakut, the Molten Pinnacle",0,"Land",,"zen","228",rare,null,Owned,Non-foil,mainboard,false,,,"land","",34604,false,false,"Kieran Yanner"
"Eiganjo Castle",0,"Legendary Land",,"chk","275",rare,null,Owned,Foil,mainboard,false,,,"land","",21405,false,false,"Wayne England"
"Academy Ruins",0,"Legendary Land",,"tsp","269",rare,null,Owned,Foil,mainboard,false,,,"land","",25739,false,false,"Zoltan Boros & Gabor Szikszai"
"Wirewood Lodge",0,"Land",,"plst","DD1-26",uncommon,null,Owned,Non-foil,mainboard,false,,,"elf","",-1,false,false,"Anthony S. Waters"
"Niv-Mizzet, Visionary",6,"Legendary Creature - Dragon Wizard",RU,"fdn","482",mythic,null,Owned,Non-foil,mainboard,false,,,"commander","",132972,false,false,"Dan Murayama Scott"
"Ghostly Pilferer",2,"Creature - Spirit Rogue",U,"m21","52",rare,null,Owned,Non-foil,mainboard,false,,,"mono","",81331,false,false,"Craig J Spearing"
"Angel of the Ruins",7,"Artifact Creature - Angel",W,"c21","11",rare,null,Owned,Non-foil,mainboard,false,,,"mono","",89765,false,false,"Viko Menezes"
"Tergrid, God of Fright",5,"Legendary Creature - God",B,"khm","112",rare,null,Owned,Non-foil,mainboard,false,,,"commander","",87553,false,false,"Yongjae Choi"
"Bone Shards",1,"Sorcery",B,"mh2","395",common,null,Owned,Etched,mainboard,false,,,"mono","",91063,false,false,"Tommy Arnold"
"Rose Room Treasurer",4,"Creature - Ogre Warrior",R,"ncc","51",rare,null,Owned,Non-foil,mainboard,false,,,"mono","",99437,false,false,"David Sladek"
"Tortured Existence",1,"Enchantment",B,"sth","74",common,null,Owned,Non-foil,mainboard,false,,,"spawnedByDraftEffect","",10329,false,false,"Keith Parkinson"
"Trail of Evidence",3,"Enchantment",U,"soi","93",uncommon,null,Owned,Non-foil,mainboard,false,,,"spawnedByDraftEffect","Galazeth Prismari
",60286,false,false,"Daniel Ljunggren"
"Essence of Orthodoxy",5,"Creature - Phyrexian",W,"mom","323",rare,null,Owned,Non-foil,mainboard,false,,,"spawnedByDraftEffect","",109734,false,false,"Oriana Menendez"
"Progenitor Exarch",1,"Creature - Phyrexian Cat Cleric",W,"mom","32",rare,null,Owned,Foil,mainboard,false,,,"spawnedByDraftEffect","",109870,false,false,"Marie Magny"
"Hraesvelgr of the First Brood",5,"Legendary Creature - Elder Dragon",U,"fic","37",rare,null,Owned,Non-foil,mainboard,false,,,"commander","",140065,false,false,"Néstor Ossandón Leal"
"Ledger Shredder",2,"Creature - Bird Advisor",U,"snc","46",rare,null,Owned,Non-foil,mainboard,false,,,"mono","",98311,false,false,"Mila Pesic"
"Maeve, Insidious Singer",4,"Legendary Creature - Siren",U,"gn3","2",mythic,null,Owned,Non-foil,mainboard,false,,,"commander;draftEffect","Signature Spell
Training Grounds",-1,false,false,"Jason Rainville"
"Nadir Kraken",3,"Creature - Kraken",U,"thb","55",rare,null,Owned,Non-foil,mainboard,false,,,"spawnedByDraftEffect","",79234,false,false,"Dan Murayama Scott"
"Ninja of the Deep Hours",4,"Creature - Human Ninja",U,"bok","44",common,null,Owned,Non-foil,mainboard,false,,,"spawnedByDraftEffect","",21827,false,false,"Dan Murayama Scott"
"O'aka, Traveling Merchant",2,"Legendary Creature - Human Citizen",U,"fic","39",rare,null,Owned,Non-foil,mainboard,false,,,"mono","",140069,false,false,"Fang Xinyu"
"Prosperous Thief",3,"Creature - Human Ninja",U,"neo","73",uncommon,null,Owned,Non-foil,mainboard,false,,,"spawnedByDraftEffect","",97066,false,false,"Fajareka Setiawan"
"Sakashima's Student",4,"Creature - Human Ninja",U,"pc2","24",rare,null,Owned,Non-foil,mainboard,false,,,"mono","",45068,false,false,"Brian Snõddy"
"The Watcher in the Water",5,"Legendary Creature - Kraken",U,"ltr","75",mythic,null,Owned,Non-foil,mainboard,false,,,"commander;draftEffect","Nadir Kraken
Keep Watch
Signature Spell
Perilous Research",112060,false,false,"Chris Cold"
"Wavebreak Hippocamp",3,"Enchantment Creature - Horse Fish",U,"thb","80",rare,null,Owned,Non-foil,mainboard,false,,,"mono","",79284,false,false,"Caio Monteiro"
"Keep Watch",3,"Instant",U,"jud","43",common,null,Owned,Non-foil,mainboard,false,,,"spawnedByDraftEffect","",17446,false,false,"Fred Rahmqvist"
"Perilous Research",2,"Instant",U,"csp","41",uncommon,null,Owned,Foil,mainboard,false,,,"spawnedByDraftEffect","",24711,false,false,"Dany Orizio"
"Training Grounds",1,"Enchantment",U,"p22","6",rare,null,Owned,Foil,mainboard,false,,,"spawnedByDraftEffect","",-1,false,false,"Caroline Gariba"
"Dokuchi Silencer",2,"Creature - Human Ninja",B,"neo","95",uncommon,null,Owned,Non-foil,mainboard,false,,,"spawnedByDraftEffect","",97110,false,false,"David Rapoza"
"Mari, the Killing Quill",3,"Legendary Creature - Vampire Assassin",B,"ncc","89",rare,null,Owned,Non-foil,mainboard,false,,,"spawnedByDraftEffect","",-1,false,false,"Rob Rey"
"Nashi, Moon Sage's Scion",3,"Legendary Creature - Rat Ninja",B,"neo","114",mythic,null,Owned,Non-foil,mainboard,false,,,"spawnedByDraftEffect","",97152,false,false,"Valera Lutfullina"
"Yawgmoth, Thran Physician",4,"Legendary Creature - Human Cleric",B,"mh1","116",mythic,null,Owned,Non-foil,mainboard,false,,,"commander","",72604,false,false,"Mark Winters"
"Dark Deal",3,"Sorcery",B,"frf","66",uncommon,null,Owned,Non-foil,mainboard,false,,,"mono","",55522,false,false,"Scott Murphy"
"Enduring Courage",4,"Enchantment Creature - Dog Glimmer",R,"dsk","133",rare,null,Owned,Non-foil,mainboard,false,,,"mono","",130397,false,false,"Yigit Koroglu"
"Fallen Shinobi",5,"Creature - Zombie Ninja",BU,"mh1","199",rare,null,Owned,Non-foil,mainboard,false,,,"spawnedByDraftEffect","",72770,false,false,"Tomasz Jedruszek"
"Etali, Primal Conqueror",7,"Legendary Creature - Elder Dinosaur",R,"mom","137",rare,null,Owned,Non-foil,mainboard,false,,,"commander","",110122,false,false,"Ryan Pancoast"
"Rhythm of the Wild",3,"Enchantment",GR,"rna","201",uncommon,null,Owned,Non-foil,mainboard,false,,,"mono","",71402,false,false,"Tomasz Jedruszek"
"Shadow in the Warp",3,"Enchantment",GR,"40k","140",rare,null,Owned,Non-foil,mainboard,false,,,"mono","",108752,false,false,"Kim Sokol"
"Xenagos, the Reveler",4,"Legendary Planeswalker - Xenagos",GR,"ths","209",mythic,null,Owned,Non-foil,mainboard,false,,,"mono","",50316,false,false,"Jason Chan"
"MacCready, Lamplight Mayor",2,"Legendary Creature - Human Advisor",BWR,"pip","108",rare,null,Owned,Non-foil,mainboard,false,,,"spawnedByDraftEffect","",132465,false,false,"Stephen Stark"
"Lotleth Troll",2,"Creature - Zombie Troll",BG,"rtr","177",rare,null,Owned,Non-foil,mainboard,false,,,"mono","",46779,false,false,"Vincent Proce"
"Otharri, Suns' Glory",5,"Legendary Creature - Phoenix",RW,"onc","3",mythic,null,Owned,Non-foil,mainboard,false,,,"commander","",-1,false,false,"Marta Nael"
"Master Biomancer",4,"Creature - Elf Wizard",GU,"gtc","176",mythic,null,Owned,Non-foil,mainboard,false,,,"mono","",47935,false,false,"Willian Murai"
"Goro-Goro and Satoru",3,"Legendary Creature - Goblin Human",BRU,"moc","445",mythic,null,Owned,Foil,mainboard,false,,"https://cards.scryfall.io/large/front/a/e/aeec04b1-475c-4e55-b72f-327ea5258146.jpg?1732302748","commander;draftEffect","Fallen Shinobi
Ninja of the Deep Hours
Dokuchi Silencer
Prosperous Thief
Nashi, Moon Sage's Scion
Signature Spell
Dragon Tempest",109560,false,false,"Johannes Voss"
"Atsushi, the Blazing Sky",4,"Legendary Creature - Dragon Spirit",R,"neo","134",mythic,null,Owned,Non-foil,mainboard,false,,,"mono","",97196,false,false,"Victor Adame Minguez"
"Dualcaster Mage",3,"Creature - Human Wizard",R,"c14","34",rare,null,Owned,Non-foil,mainboard,false,,,"mono","",55101,false,false,"Matt Stewart"
"Mindclaw Shaman",5,"Creature - Lizard Shaman",R,"m13","142",uncommon,null,Owned,Non-foil,mainboard,false,,,"mono","",45556,false,false,"Slawomir Maniak"
"Fear of Burning Alive",6,"Enchantment Creature - Nightmare",R,"dsk","135",uncommon,null,Owned,Non-foil,mainboard,false,,,"spawnedByDraftEffect","",130401,false,false,"J.P. Targete"
"Patron of the Arts",3,"Creature - Dragon Noble",R,"clb","191",common,null,Owned,Non-foil,mainboard,false,,,"spawnedByDraftEffect","",100406,false,false,"Julia Metzger"
"Redoubled Stormsinger",3,"Creature - Orc Wizard",R,"tdc","37",rare,null,Owned,Non-foil,mainboard,false,,,"spawnedByDraftEffect","",138091,false,false,"Filipe Pagliuso"
"Rionya, Fire Dancer",5,"Legendary Creature - Human Wizard",R,"c21","55",rare,null,Owned,Non-foil,mainboard,false,,,"commander;draftEffect","Pyretic Ritual
Gut Shot
Flame Jab
Patron of the Arts
Redoubled Stormsinger
Ardent Elementalist
Humble Defector",89853,false,false,"Heonhwa"
"Gut Shot",1,"Instant",R,"nph","86",uncommon,null,Owned,Non-foil,mainboard,false,,,"spawnedByDraftEffect","",39932,false,false,"Greg Staples"
"Flame Jab",1,"Sorcery",R,"eve","53",common,null,Owned,Non-foil,mainboard,false,,,"spawnedByDraftEffect","",30094,false,false,"rk post"
"City on Fire",8,"Enchantment",R,"mom","135",rare,null,Owned,Non-foil,mainboard,false,,,"mono","",110118,false,false,"Jake Murray"
"Chandra, Torch of Defiance",4,"Legendary Planeswalker - Chandra",R,"kld","110",mythic,null,Owned,Non-foil,mainboard,false,,,"mono","",61573,false,false,"Magali Villeneuve"
"Nykthos, Shrine to Nyx",0,"Legendary Land",,"ths","223",rare,null,Owned,Non-foil,mainboard,false,,,"land","",50274,false,false,"Jung Park"
"Vivid Crag",0,"Land",,"lrw","275",uncommon,null,Owned,Non-foil,mainboard,false,,,"land","",28521,false,false,"Martina Pilcerova"
"Vivid Creek",0,"Land",,"lrw","276",uncommon,null,Owned,Non-foil,mainboard,false,,,"land","",28519,false,false,"Fred Fields"
"Vivid Grove",0,"Land",,"lrw","277",uncommon,null,Owned,Non-foil,mainboard,false,,,"land","",28515,false,false,"Howard Lyon"
"Vivid Marsh",0,"Land",,"lrw","278",uncommon,null,Owned,Non-foil,mainboard,false,,,"land","",28517,false,false,"John Avon"
"Vivid Meadow",0,"Land",,"lrw","279",uncommon,null,Owned,Non-foil,mainboard,false,,,"land","",28523,false,false,"Rob Alexander"
"Reflecting Pool",0,"Land",,"shm","278",rare,null,Owned,Non-foil,mainboard,false,,,"land","",29613,false,false,"Fred Fields"
"Ghired, Mirror of the Wilds",3,"Legendary Creature - Human Shaman",GRW,"otj","205",mythic,null,Owned,Non-foil,mainboard,false,,,"commander","",124321,false,false,"Diego Gisbert"
"Blinkmoth Nexus",0,"Land",,"dst","163",rare,null,Owned,Non-foil,mainboard,false,,,"spawnedByDraftEffect","",20477,false,false,"Brian Snõddy"
"Darksteel Citadel",0,"Artifact Land",,"dst","164",common,null,Owned,Non-foil,mainboard,false,,,"land","",20497,false,false,"John Avon"
"Great Furnace",0,"Artifact Land",,"mrd","282",common,null,Owned,Non-foil,mainboard,false,,,"land","",20021,false,false,"Rob Alexander"
"Inkmoth Nexus",0,"Land",,"mbs","145",rare,null,Owned,Non-foil,mainboard,false,,,"spawnedByDraftEffect","",39329,false,false,"Jung Park"
"Khalni Garden",0,"Land",,"wwk","138",common,null,Owned,Non-foil,mainboard,false,,,"land","",35513,false,false,"Ryan Pancoast"
"Mishra's Factory",0,"Land",,"dmr","251",uncommon,null,Owned,Non-foil,mainboard,false,,,"spawnedByDraftEffect","",108031,false,false,"Scott Chou"
"Mishra's Foundry",0,"Land",,"bro","265",rare,null,Owned,Non-foil,mainboard,false,,,"spawnedByDraftEffect","",105154,false,false,"Leon Tukker"
"Seat of the Synod",0,"Artifact Land",,"mrd","283",common,null,Owned,Non-foil,mainboard,false,,,"land","",20017,false,false,"John Avon"
"Tree of Tales",0,"Artifact Land",,"mrd","285",common,null,Owned,Non-foil,mainboard,false,,,"land","",20249,false,false,"John Avon"
"Valgavoth's Lair",0,"Enchantment Land",,"dsk","271",rare,null,Owned,Non-foil,mainboard,false,,,"land","",130673,false,false,"Martin de Diego Sádaba"
"Baba Lysaga, Night Witch",3,"Legendary Creature - Human Warlock",BG,"clb","266",rare,null,Owned,Non-foil,mainboard,false,,"https://cards.scryfall.io/large/front/b/5/b5f95c69-2b41-4d67-ae7c-a4c1df9d384d.jpg?1573513392","commander;draftEffect","Crop Rotation
Signature Spell
Mishra's Factory
Mishra's Foundry
Inkmoth Nexus
Blinkmoth Nexus",100570,false,false,"Slawomir Maniak"
"Alexios, Deimos of Kosmos",4,"Legendary Creature - Human Berserker",R,"acr","33",uncommon,null,Owned,Non-foil,mainboard,false,,,"commander","",128032,false,false,"Bartek Fedyczak"
"Plargg and Nassari",5,"Legendary Creature - Orc Efreet",R,"mat","18",rare,null,Owned,Non-foil,mainboard,false,,,"commander","",109158,false,false,"Yigit Koroglu"
"Urza, Lord Protector",3,"Legendary Creature - Human Artificer",UW,"bro","225",mythic,null,Owned,Foil,mainboard,false,,"https://cards.scryfall.io/large/front/4/0/40a01679-3224-427e-bd1d-b797b0ab68b7.jpg?1739699680","commander;draftEffect","The Mightstone and Weakstone
Signature Spell",105072,false,false,"Ryan Pancoast"
"Relic of Legends",3,"Artifact",,"dmu","236",uncommon,null,Owned,Non-foil,mainboard,false,,,"mono","",102948,false,false,"Titus Lunter"
"The Mightstone and Weakstone",5,"Legendary Artifact - Powerstone",,"bro","238",rare,null,Owned,Non-foil,mainboard,false,,,"spawnedByDraftEffect","Urza, Lord Protector",105100,false,false,"Ryan Pancoast"
"Throne of Eldraine",5,"Legendary Artifact",,"woc","28",rare,null,Owned,Non-foil,mainboard,false,,,"mono","",117334,false,false,"Kieran Yanner"
"Zuran Orb",0,"Artifact",,"mh2","300",uncommon,null,Owned,Foil,mainboard,false,,,"mono","Baba Lysaga",91027,false,false,"Ryan Pancoast"
"Drumbellower",3,"Creature - Spirit",W,"nec","6",rare,null,Owned,Non-foil,mainboard,false,,,"mono","",97760,false,false,"Lie Setiawan"
"Sunscorch Regent",5,"Creature - Dragon",W,"dtk","41",rare,null,Owned,Non-foil,mainboard,false,,,"mono","",56196,false,false,"Matt Stewart"
"Priest of Forgotten Gods",2,"Creature - Human Cleric",B,"rna","83",rare,null,Owned,Non-foil,mainboard,false,,,"mono","",71166,false,false,"Zack Stella"
"Morbid Opportunist",3,"Creature - Human Rogue",B,"spg","32",mythic,null,Owned,Non-foil,mainboard,false,,,"mono","",125431,false,false,"Chris Seaman"
"Veinwitch Coven",3,"Creature - Vampire Warlock",B,"c21","373",rare,null,Owned,Non-foil,mainboard,false,,,"mono","",-1,false,false,"Caio Monteiro"
"Starving Revenant",4,"Creature - Spirit Horror",B,"lci","123",rare,null,Owned,Non-foil,mainboard,false,,,"mono","",118052,false,false,"Fesbra"
"Gray Merchant of Asphodel",5,"Creature - Zombie",B,"ths","89",common,null,Owned,Non-foil,mainboard,false,,,"mono","",50562,false,false,"Robbie Trevino"
"Snuff Out",4,"Instant",B,"fic","285",common,null,Owned,Non-foil,mainboard,false,,,"mono","",140311,false,false,"Thanh Tuấn"
"Master of Etherium",3,"Artifact Creature - Vedalken Wizard",U,"ala","49",rare,null,Owned,Non-foil,mainboard,false,,,"mono","",31187,false,false,"Matt Cavotta"
"Razorkin Needlehead",2,"Creature - Human Assassin",R,"dsk","153",rare,null,Owned,Non-foil,mainboard,false,,,"mono","",130437,false,false,"Riccardo Federici"
"Apex Devastator",10,"Creature - Chimera Hydra",G,"cmr","217",mythic,null,Owned,Non-foil,mainboard,false,,,"mono","",85216,false,false,"Svetlin Velinov"
"Defiler of Vigor",5,"Creature - Phyrexian Wurm",G,"dmu","160",rare,null,Owned,Non-foil,mainboard,false,,,"mono","",102796,false,false,"Chase Stone"
"Titania, Protector of Argoth",5,"Legendary Creature - Elemental",G,"c14","50",mythic,null,Owned,Non-foil,mainboard,false,,,"mono","",55119,false,false,"Magali Villeneuve"
"Fanatic of Rhonas",2,"Creature - Snake Druid",G,"mh3","152",rare,null,Owned,Non-foil,mainboard,false,,,"mono","",126321,false,false,"Scott Murphy"
"Ulvenwald Tracker",1,"Creature - Human Shaman",G,"avr","200",rare,null,Owned,Non-foil,mainboard,false,,,"mono","",44071,false,false,"Christopher Moeller"
"Open the Way",2,"Sorcery",G,"mat","23",rare,null,Owned,Non-foil,mainboard,false,,,"mono","",109168,false,false,"Livia Prima"
"Berserk",1,"Instant",G,"cn2","175",mythic,null,Owned,Non-foil,mainboard,false,,,"mono","",-1,false,false,"Steve Prescott"
"Blossoming Tortoise",4,"Creature - Turtle",G,"woe","163",mythic,null,Owned,Non-foil,mainboard,false,,,"mono","",116660,false,false,"Simon Dominic"
"Tyvar, Jubilant Brawler",3,"Legendary Planeswalker - Tyvar",BG,"one","218",rare,null,Owned,Non-foil,mainboard,false,,,"mono","",106651,false,false,"Victor Adame Minguez"
"Inkshield",5,"Instant",BW,"c21","71",rare,null,Owned,Non-foil,mainboard,false,,,"mono","",89885,false,false,"Jarel Threat"
"Determined Iteration",2,"Enchantment",R,"ncc","45",rare,null,Owned,Non-foil,mainboard,false,,,"mono","",-1,false,false,"Zoltan Boros"
"Orthion, Hero of Lavabrink",4,"Legendary Creature - Human Soldier",R,"mom","334",rare,null,Owned,Non-foil,mainboard,false,,,"mono","",109756,false,false,"Aaron Miller"
"Solphim, Mayhem Dominus",4,"Legendary Creature - Phyrexian Horror",R,"one","150",mythic,null,Owned,Non-foil,mainboard,false,,,"mono","",106515,false,false,"Chris Cold"
"Goldlust Triad",5,"Creature - Dragon",R,"tdc","74",rare,null,Owned,Non-foil,mainboard,false,,,"mono","",138881,false,false,"Arif Wijaya"
"Metamorphosis Fanatic",6,"Creature - Human Cleric",B,"dsc","21",rare,null,Owned,Non-foil,mainboard,false,,,"mono","",131363,false,false,"Andreas Zafiratos"
"Cover of Darkness",2,"Enchantment",B,"acr","201",rare,null,Owned,Non-foil,mainboard,false,,,"mono","",127758,false,false,"Paulius Daščioras"
"Kitsa, Otterball Elite",2,"Legendary Creature - Otter Wizard",U,"blb","54",mythic,null,Owned,Non-foil,mainboard,false,,,"mono","",129353,false,false,"Zoltan Boros"
"Pollywog Prodigy",2,"Creature - Frog Wizard",U,"blc","15",rare,null,Owned,Non-foil,mainboard,false,,,"mono","",128929,false,false,"Caroline Gariba"
"Pyretic Ritual",2,"Instant",R,"m11","153",common,null,Owned,Non-foil,mainboard,false,,,"spawnedByDraftEffect","",37468,false,false,"James Paick"
"Dragon Tempest",2,"Enchantment",R,"dtk","136",rare,null,Owned,Non-foil,mainboard,false,,,"spawnedByDraftEffect","Goro Goro",56202,false,false,"Willian Murai"
"Mirkwood Bats",4,"Creature - Bat",B,"ltr","95",common,null,Owned,Non-foil,mainboard,false,,,"mono","",112100,false,false,"John Tedrick"
"River Kelpie",5,"Creature - Beast",U,"shm","49",rare,null,Owned,Non-foil,mainboard,false,,,"spawnedByDraftEffect","",29469,false,false,"Jeff Easley"
"Herald of Secret Streams",4,"Creature - Merfolk Warrior",U,"xln","59",rare,null,Owned,Non-foil,mainboard,false,,,"mono","",65130,false,false,"Sara Winters"
"Evacuation",5,"Instant",U,"10e","83",rare,null,Owned,Non-foil,mainboard,false,,,"mono","",27128,false,false,"Franz Vohwinkel"
"Aminatou's Augury",8,"Sorcery",U,"dsc","71",rare,null,Owned,Non-foil,mainboard,false,,,"mono","",131287,false,false,"Loïc Canavaggia"
"Fathom Mage",4,"Creature - Human Wizard",GU,"pgtc","162★",rare,null,Owned,Foil,mainboard,false,,,"mono","",-1,false,false,"Dan Murayama Scott"
"Pir, Imaginative Rascal",3,"Legendary Creature - Human",GU,"bbd","11",rare,null,Owned,Non-foil,mainboard,false,,,"spawnedByDraftEffect","",68750,false,false,"Zoltan Boros"
"Toothy, Imaginary Friend",4,"Legendary Creature - Illusion",UG,"bbd","12",rare,null,Owned,Non-foil,mainboard,false,,"https://cards.scryfall.io/large/front/5/a/5a7241f5-4d69-47fe-b037-95037008184c.jpg?1562913367","commander;draftEffect","Pir, Imaginative Rascal",68752,false,false,"Zoltan Boros"
"Vampire Hexmage",2,"Creature - Vampire Shaman",B,"zen","114",uncommon,null,Owned,Non-foil,mainboard,false,,,"mono","",34690,false,false,"Eric Deschamps"
"Hamza, Guardian of Arashin",6,"Legendary Creature - Elephant Warrior",GW,"cmr","278",uncommon,null,Owned,Non-foil,mainboard,false,,,"commander","",85338,false,false,"Wisnu Tan"
"Kutzil, Malamet Exemplar",3,"Legendary Creature - Cat Warrior",GW,"lci","232",uncommon,null,Owned,Non-foil,mainboard,false,,,"commander","",118302,false,false,"Marie Magny"
"Kyler, Sigardian Emissary",5,"Legendary Creature - Human Cleric",GW,"mic","4",mythic,null,Owned,Non-foil,mainboard,false,,"https://cards.scryfall.io/large/front/0/d/0dffd473-2b89-4f74-8bff-39b8eb408b26.jpg?1591319133","commander;draftEffect","Human Booster Pack, 6",93846,false,false,"Dmitry Burmak"
"Sovereign Okinec Ahau",4,"Legendary Creature - Cat Noble",GW,"lci","240",mythic,null,Owned,Non-foil,mainboard,false,,,"commander","",118320,false,false,"Victor Adame Minguez"
"Elsha, Threefold Master",3,"Legendary Creature - Djinn Monk",RUW,"tdc","2",mythic,null,Owned,Non-foil,mainboard,false,,"https://cards.scryfall.io/large/front/d/8/d81bcabd-7bbe-463c-a35a-992c12c4e4bf.jpg?1562940698","commander;draftEffect","Signature Spell
Leering Emblem ",138021,false,false,"Irina Nordsol"
"Yarok, the Desecrated",5,"Legendary Creature - Elemental Horror",BGU,"m20","220",mythic,null,Owned,Non-foil,mainboard,false,,,"commander","",73339,false,false,"Daarken"
"Into the Pit",3,"Enchantment",B,"dsc","20",rare,null,Not Owned,Non-foil,mainboard,false,,,"spawnedByDraftEffect","Endrek Sahr",131361,false,false,"Greg Staples"
"Fell Beast of Mordor",4,"Creature - Drake Beast",B,"ltc","513",rare,null,Not Owned,Non-foil,mainboard,false,,,"mono","",120116,false,false,"Campbell White"
"Faerie Artisans",4,"Creature - Faerie Artificer",U,"c16","8",rare,null,Owned,Non-foil,mainboard,false,,,"mono","",-1,false,false,"Tony Foti"
"Faerie Seer",1,"Creature - Faerie Wizard",U,"mh1","51",common,null,Owned,Non-foil,mainboard,false,,,"faerie","",72474,false,false,"Colin Boyer"
"Hypnotic Sprite",2,"Creature - Faerie",U,"eld","49",uncommon,null,Owned,Non-foil,mainboard,false,,,"faerie","",78204,false,false,"Irina Nordsol"
"Mocking Doppelganger",4,"Creature - Shapeshifter",U,"clb","667",rare,null,Owned,Non-foil,mainboard,false,,,"faerie","",-1,false,false,"Igor Grechanyi"
"Picklock Prankster",2,"Creature - Faerie Rogue",U,"woe","64",uncommon,null,Owned,Non-foil,mainboard,false,,,"faerie","",116432,false,false,"Iris Compiet"
"Quickling",2,"Creature - Faerie Rogue",U,"m15","76",uncommon,null,Owned,Non-foil,mainboard,false,,,"faerie","",53642,false,false,"Clint Cearley"
"Aetherize",4,"Instant",U,"gtc","29",uncommon,null,Owned,Non-foil,mainboard,false,,,"faerie","",47685,false,false,"Ryan Barger"
"Faebloom Trick",3,"Instant",U,"fdn","38",uncommon,null,Owned,Non-foil,mainboard,false,,,"faerie","",133644,false,false,"Annie Stegg"
"Snap",2,"Instant",U,"dmr","66",common,null,Owned,Foil,mainboard,false,,,"mono","",107621,false,false,"Mike Raabe"
"Strix Serenade",1,"Instant",U,"mh3","71",rare,null,Owned,Non-foil,mainboard,false,,,"faerie","",126159,false,false,"Filipe Pagliuso"
"Hands of Binding",2,"Sorcery",U,"gtc","37",common,null,Owned,Non-foil,mainboard,false,,,"faerie","",47663,false,false,"Raymond Swanland"
"Stolen by the Fae",2,"Sorcery",U,"eld","66",rare,null,Owned,Non-foil,mainboard,false,,,"faerie","",78244,false,false,"Ryan Alexander Lee"
"Arcane Heist",4,"Sorcery",U,"otc","13",rare,null,Owned,Non-foil,mainboard,false,,,"mono","",125157,false,false,"Anna Pavleeva"
"Quasiduplicate",3,"Sorcery",U,"grn","51",rare,null,Owned,Non-foil,mainboard,false,,,"mono","",69475,false,false,"Dmitry Burmak"
"Soldevi Adnate",2,"Creature - Human Cleric",B,"all","60b",common,null,Owned,Non-foil,mainboard,false,,,"mono","",-1,false,false,"Christopher Rush"
"Finale of Promise",2,"Sorcery",R,"war","127",mythic,null,Owned,Non-foil,mainboard,false,,,"mono","",71860,false,false,"Jaime Jones"
"Splendid Reclamation",4,"Sorcery",G,"emn","171",rare,null,Owned,Non-foil,mainboard,false,,,"mono","",61442,false,false,"Wesley Burt"
"Phylath, World Sculptor",6,"Legendary Creature - Elemental",GR,"znr","234",rare,null,Owned,Non-foil,mainboard,false,,,"commander","",83463,false,false,"Victor Adame Minguez"
"Ruthless Technomancer",4,"Creature - Human Wizard",B,"nec","56",rare,null,Owned,Non-foil,mainboard,false,,,"mono","",-1,false,false,"PINDURSKI"
"Forge, Neverwinter Charlatan",4,"Legendary Creature - Human Rogue",B,"sld","1239",rare,null,Owned,Non-foil,mainboard,false,,,"mono","",-1,false,false,"Liangliang Zhang"
"Ophiomancer",3,"Creature - Human Shaman",B,"cc2","3",rare,null,Owned,Non-foil,mainboard,false,,,"mono","",-1,false,false,"Caroline Gariba"
"Roaming Throne",4,"Artifact Creature - Golem",,"lci","258",rare,null,Owned,Non-foil,mainboard,false,,,"mono","",118358,false,false,"Cristi Balanescu"
"Marwyn, the Nurturer",3,"Legendary Creature - Elf Druid",G,"dom","172",rare,null,Owned,Non-foil,mainboard,false,,,"elf","",67809,false,false,"Chris Rahn"
"Akroma's Will",4,"Instant",W,"cmr","3",rare,null,Owned,Non-foil,mainboard,false,,,"mono","",84788,false,false,"Antonio José Manzanedo"
"Generous Gift",3,"Instant",W,"mh1","11",uncommon,null,Owned,Non-foil,mainboard,false,,,"mono","",72394,false,false,"Kev Walker"
"Swords to Plowshares",1,"Instant",W,"cmm","841",uncommon,null,Owned,Non-foil,mainboard,false,,,"mono","",114023,false,false,"Sam Wolfe Connelly"
"Vedalken Orrery",4,"Artifact",,"5dn","163",rare,null,Owned,Non-foil,mainboard,false,,,"mono","",20692,false,false,"John Avon"
"Viridian Emissary",2,"Creature - Phyrexian Elf Scout",G,"mbs","95",common,null,Owned,Foil,mainboard,false,,,"spawnedByDraftEffect","Baba Lysaga
",39325,false,false,"Matt Stewart"
"Charismatic Conqueror",2,"Creature - Vampire Soldier",W,"lcc","70",rare,null,Owned,Non-foil,mainboard,false,,,"mono","",119144,false,false,"Bram Sels"
"Dusk Legion Duelist",2,"Creature - Vampire Soldier",W,"mom","11",rare,null,Owned,Non-foil,mainboard,false,,,"mono","",109816,false,false,"Ryan Valle"
"Luminarch Aspirant",2,"Creature - Human Cleric",W,"znr","24",rare,null,Owned,Non-foil,mainboard,false,,,"mono","",82987,false,false,"Mads Ahm"
"Elspeth, Knight-Errant",4,"Legendary Planeswalker - Elspeth",W,"ala","9",mythic,null,Owned,Non-foil,mainboard,false,,,"mono","",30927,false,false,"Volkan Baǵa"
"Conduit of Worlds",4,"Artifact",G,"one","163",rare,null,Owned,Non-foil,mainboard,false,,,"mono","",106541,false,false,"Jokubas Uogintas"
"Arachnogenesis",3,"Instant",G,"c15","32",rare,null,Owned,Non-foil,mainboard,false,,,"mono","",-1,false,false,"Johannes Voss"
"Benefactor's Draught",2,"Instant",G,"c16","21",rare,null,Owned,Non-foil,mainboard,false,,,"mono","",-1,false,false,"Scott Murphy"
"Crop Rotation",1,"Instant",G,"c20","169",common,null,Owned,Non-foil,mainboard,false,,,"spawnedByDraftEffect","",-1,false,false,"Daniel Ljunggren"
"Blossoming Bogbeast",5,"Creature - Beast",G,"c21","59",rare,null,Owned,Non-foil,mainboard,false,,,"mono","",89861,false,false,"Aaron Miller"
"Tireless Provisioner",3,"Creature - Elf Scout",G,"plst","MH2-180",uncommon,null,Owned,Non-foil,mainboard,false,,,"mono","",-1,false,false,"Josu Hernaiz"
"Dryad of the Ilysian Grove",3,"Enchantment Creature - Nymph Dryad",G,"thb","169",rare,null,Owned,Non-foil,mainboard,false,,,"mono","",79462,false,false,"Scott Murphy"
"Foundry Inspector",3,"Artifact Creature - Construct",,"kld","215",uncommon,null,Owned,Non-foil,mainboard,false,,,"mono","",62095,false,false,"Jason A. Engle"
"Well of Lost Dreams",4,"Artifact",,"dst","159",rare,null,Owned,Non-foil,mainboard,false,,,"spawnedByDraftEffect","Lathiel, Bounteous Dawn",20563,false,false,"Jeff Miracola"
"Conjurer's Closet",5,"Artifact",,"avr","214",rare,null,Owned,Non-foil,mainboard,false,,,"mono","",43927,false,false,"Jason Felix"
"Thalia's Lieutenant",2,"Creature - Human Soldier",W,"soi","43",rare,null,Owned,Non-foil,mainboard,false,,,"human","",59788,false,false,"Johannes Voss"
"Humble Defector",2,"Creature - Human Rogue",R,"frf","104",uncommon,null,Owned,Non-foil,mainboard,false,,,"spawnedByDraftEffect","",55414,false,false,"Slawomir Maniak"
"Disrupt Decorum",4,"Sorcery",R,"c17","25",rare,null,Owned,Non-foil,mainboard,false,,,"mono","",73822,false,false,"Sidharth Chaturvedi"
"Grim Hireling",4,"Creature - Tiefling Rogue",B,"afc","25",rare,null,Owned,Non-foil,mainboard,false,,,"mono","",92536,false,false,"Tomas Duchek"
"Forbidden Alchemy",3,"Instant",U,"f12","7",rare,null,Owned,Foil,mainboard,false,,,"mono","",-1,false,false,"Randy Gallegos"
"Stalking Vengeance",7,"Creature - Avatar",R,"dis","73",rare,null,Owned,Non-foil,mainboard,false,,,"mono","",24125,false,false,"Anthony S. Waters"
"Elder Brain",7,"Creature - Horror",B,"clb","125",rare,null,Owned,Non-foil,mainboard,false,,,"mono","",-1,false,false,"Daarken"
"Lost Monarch of Ifnir",4,"Creature - Zombie Noble",B,"drc","11",rare,null,Owned,Non-foil,mainboard,false,,,"zombie","",137219,false,false,"Piotr Dura"
"Scholar of New Horizons",2,"Creature - Human Scout",W,"brc","6",rare,null,Owned,Non-foil,mainboard,false,,,"mono","",105220,false,false,"Randy Vargas"
"Soulfire Grand Master",2,"Creature - Human Monk",W,"frf","27",mythic,null,Owned,Non-foil,mainboard,false,,,"mono","",55614,false,false,"Johannes Voss"
"Ephemerate",1,"Instant",W,"mh1","7",common,null,Owned,Non-foil,mainboard,false,,,"mono","",72386,false,false,"Bastien L. Deharme"
"The Locust God",6,"Legendary Creature - God",RU,"hou","139",mythic,null,Owned,Non-foil,mainboard,false,,,"commander","",64762,false,false,"Lius Lasahido"
"Kraven the Hunter",3,"Legendary Creature - Human Warrior Villain",BG,"spm","133",rare,null,Owned,Non-foil,mainboard,false,,,"commander","",153509,false,false,"Greg Staples"
"Royal Assassin",3,"Creature - Human Assassin",B,"dmr","310",rare,null,Owned,Foil,mainboard,false,,,"mono","",107305,false,false,"Mark Zug"
"Prowling Geistcatcher",4,"Creature - Human Rogue",B,"mic","21",rare,null,Owned,Non-foil,mainboard,false,,,"mono","",93824,false,false,"Lie Setiawan"
"Helm of the Host",4,"Legendary Artifact - Equipment",,"dom","217",rare,null,Owned,Non-foil,mainboard,false,,,"mono","",67899,false,false,"Igor Kieryluk"
"Massacre Wurm",6,"Creature - Phyrexian Wurm",B,"mbs","46",mythic,null,Owned,Non-foil,mainboard,false,,,"mono","",39315,false,false,"Jason Chan"
"Damnation",4,"Sorcery",B,"plc","85",rare,null,Owned,Non-foil,mainboard,false,,,"mono","",26279,false,false,"Kev Walker"
"Pashalik Mons",3,"Legendary Creature - Goblin Warrior",R,"mh1","138",rare,null,Owned,Non-foil,mainboard,false,,,"goblin","",72648,false,false,"Even Amundsen"
"General Kreat, the Boltbringer",3,"Legendary Creature - Goblin Soldier",R,"j25","48",uncommon,null,Owned,Non-foil,mainboard,false,,,"goblin","Krenko, Mob Boss",132776,false,false,"Takeuchi Moto"
"Pia and Kiran Nalaar",4,"Legendary Creature - Human Artificer",R,"ori","157",rare,null,Owned,Non-foil,mainboard,false,,,"mono","",57990,false,false,"Eric Deschamps"
"Scouring Sands",2,"Sorcery",R,"bng","110",common,null,Owned,Foil,mainboard,false,,,"spawnedByDraftEffect","",51633,false,false,"Jonas De Ro"
"Daretti, Rocketeer Engineer",5,"Legendary Creature - Goblin Artificer",R,"dft","120",rare,null,Owned,Non-foil,mainboard,false,,,"mono","",136363,false,false,"Borja Pindado"
"Gilded Goose",1,"Creature - Bird",G,"eld","160",rare,null,Owned,Non-foil,mainboard,false,,,"mono","",78458,false,false,"Lindsey Look"
"Prophet of the Scarab",5,"Creature - Zombie Wizard",U,"drc","9",rare,null,Owned,Non-foil,mainboard,false,,,"zombie","",137215,false,false,"Cristi Balanescu"
"Ardent Elementalist",4,"Creature - Human Shaman",R,"mid","128",common,null,Owned,Non-foil,mainboard,false,,,"spawnedByDraftEffect","",93222,false,false,"Miguel Mercado"
"Priest of the Crossing",4,"Creature - Zombie Bird Cleric",W,"drc","6",rare,null,Owned,Non-foil,mainboard,false,,,"mono","",137209,false,false,"Edgar Sánchez Hidalgo"
"Firebrand Archer",2,"Creature - Human Archer",R,"hou","92",common,null,Owned,Non-foil,mainboard,false,,,"mono","",64668,false,false,"John Stanko"
"Hellrider",4,"Creature - Devil",R,"dka","93",rare,null,Owned,Non-foil,mainboard,false,,,"mono","",43185,false,false,"Svetlin Velinov"
"Metropolis Reformer",3,"Creature - Angel Cleric",W,"mat","4",rare,null,Owned,Non-foil,mainboard,false,,,"mono","",109130,false,false,"Ryan Pancoast"
"Arcane Signet",2,"Artifact",,"c20","237",common,null,Owned,Non-foil,mainboard,false,,,"mono","",-1,false,false,"Dan Murayama Scott"
"Azorius Signet",2,"Artifact",,"dis","159",common,null,Owned,Non-foil,mainboard,false,,,"mono","",24023,false,false,"Greg Hildebrandt"
"Talisman of Progress",2,"Artifact",,"td2","26",uncommon,null,Owned,Non-foil,mainboard,false,,,"mono","",40364,false,false,"Mike Dringenberg"
"Dimir Signet",2,"Artifact",,"rav","260",common,null,Owned,Non-foil,mainboard,false,,,"mono","",23562,false,false,"Greg Hildebrandt"
"Talisman of Dominance",2,"Artifact",,"e01","90",uncommon,null,Owned,Non-foil,mainboard,false,,,"mono","",-1,false,false,"Mike Dringenberg"
"Rakdos Signet",2,"Artifact",,"dis","165",common,null,Owned,Non-foil,mainboard,false,,,"mono","",24045,false,false,"Greg Hildebrandt"
"Talisman of Indulgence",2,"Artifact",,"e01","91",uncommon,null,Owned,Non-foil,mainboard,false,,,"mono","",-1,false,false,"Mike Dringenberg"
"Gruul Signet",2,"Artifact",,"gpt","150",common,null,Owned,Non-foil,mainboard,false,,,"mono","",23669,false,false,"Greg Hildebrandt"
"Talisman of Impulse",2,"Artifact",,"scd","281",uncommon,null,Owned,Non-foil,mainboard,false,,,"mono","",104140,false,false,"Mike Dringenberg"
"Selesnya Signet",2,"Artifact",,"rav","270",common,null,Owned,Non-foil,mainboard,false,,,"mono","",23568,false,false,"Greg Hildebrandt"
"Talisman of Unity",2,"Artifact",,"mic","165",uncommon,null,Owned,Non-foil,mainboard,false,,,"mono","",93746,false,false,"Mike Dringenberg"
"Orzhov Signet",2,"Artifact",,"gpt","155",common,null,Owned,Non-foil,mainboard,false,,,"mono","",23681,false,false,"Greg Hildebrandt"
"Talisman of Hierarchy",2,"Artifact",,"mh1","233",uncommon,null,Owned,Non-foil,mainboard,false,,,"mono","",72838,false,false,"Lindsey Look"
"Izzet Signet",2,"Artifact",,"gpt","152",common,null,Owned,Non-foil,mainboard,false,,,"mono","",23679,false,false,"Greg Hildebrandt"
"Talisman of Creativity",2,"Artifact",,"mh1","231",uncommon,null,Owned,Non-foil,mainboard,false,,,"mono","",72834,false,false,"Lindsey Look"
"Golgari Signet",2,"Artifact",,"rav","262",common,null,Owned,Non-foil,mainboard,false,,,"mono","",23564,false,false,"Greg Hildebrandt"
"Talisman of Resilience",2,"Artifact",,"mh1","234",uncommon,null,Owned,Non-foil,mainboard,false,,,"mono","",72840,false,false,"Lindsey Look"
"Boros Signet",2,"Artifact",,"rav","255",common,null,Owned,Non-foil,mainboard,false,,,"mono","",23566,false,false,"Greg Hildebrandt"
"Talisman of Conviction",2,"Artifact",,"mh1","230",uncommon,null,Owned,Non-foil,mainboard,false,,,"mono","",72832,false,false,"Lindsey Look"
"Simic Signet",2,"Artifact",,"dis","166",common,null,Owned,Non-foil,mainboard,false,,,"mono","",24015,false,false,"Greg Hildebrandt"
"Talisman of Curiosity",2,"Artifact",,"mh1","232",uncommon,null,Owned,Non-foil,mainboard,false,,,"mono","",72836,false,false,"Lindsey Look"
"Arcane Denial",2,"Instant",U,"cmr","630",common,null,Owned,Foil,mainboard,false,,,"mono","",-1,false,false,"Xi Zhang"
"Mana Drain",2,"Instant",U,"ima","65",mythic,null,Owned,Foil,mainboard,false,,,"mono","",66009,false,false,"Raymond Swanland"
"Ghalta and Mavren",7,"Legendary Creature - Dinosaur Vampire",GW,"mom","225",rare,null,Owned,Non-foil,mainboard,false,,,"commander","",110338,false,false,"Zezhou Chen"
"Kiora, the Rising Tide",3,"Legendary Creature - Merfolk Noble",U,"fdn","45",rare,null,Owned,Foil,mainboard,false,,,"mono","",133658,false,false,"Julian Kok Joon Wen"
